{"stats":{"minecraft:dropped":{"minecraft:stone_sword":1,"minecraft:chainmail_chestplate":1},"minecraft:mined":{"minecraft:white_bed":1,"minecraft:oak_sapling":1,"minecraft:birch_log":8,"minecraft:grass":2,"minecraft:oak_log":6,"minecraft:grass_block":1,"minecraft:coal_ore":8,"minecraft:dirt":1,"minecraft:stone":49},"minecraft:killed":{"minecraft:skeleton":2,"minecraft:bee":1,"alexsmobs:terrapin":1,"minecraft:spider":1,"minecraft:cow":1},"minecraft:custom":{"minecraft:time_since_rest":4950,"minecraft:sprint_one_cm":40428,"minecraft:damage_taken":205,"minecraft:walk_one_cm":103816,"minecraft:trigger_trapped_chest":1,"minecraft:mob_kills":6,"minecraft:drop":2,"minecraft:damage_dealt":916,"minecraft:interact_with_crafting_table":3,"minecraft:fly_one_cm":49995,"minecraft:crouch_one_cm":46,"minecraft:play_time":22428,"minecraft:sneak_time":54,"minecraft:jump":338,"minecraft:time_since_death":22428,"minecraft:leave_game":3,"minecraft:sleep_in_bed":1,"minecraft:total_world_time":22428,"minecraft:fall_one_cm":5645},"minecraft:broken":{"minecraft:wooden_pickaxe":1},"minecraft:crafted":{"minecraft:stick":8,"minecraft:wooden_pickaxe":1,"minecraft:stone_pickaxe":1,"minecraft:birch_planks":8,"minecraft:stone_axe":1},"minecraft:picked_up":{"minecraft:birch_log":7,"minecraft:stick":2,"minecraft:crafting_table":1,"minecraft:leather":2,"minecraft:oak_log":6,"minecraft:chainmail_chestplate":2,"minecraft:white_bed":1,"minecraft:string":2,"minecraft:dirt":2,"minecraft:stone_sword":1,"minecraft:bone":1,"minecraft:arrow":3,"minecraft:apple":1,"minecraft:beef":2,"minecraft:oak_sapling":4,"minecraft:birch_sapling":2,"minecraft:coal":16,"minecraft:cobblestone":57},"minecraft:used":{"minecraft:stone_sword":14,"minecraft:bread":4,"minecraft:wooden_pickaxe":59,"minecraft:stone_axe":12,"minecraft:oak_sapling":1,"minecraft:white_bed":1,"alexsmobs:animal_dictionary":1}},"DataVersion":2975}