{"stats":{"minecraft:killed":{"minecraft:spider":1,"minecraft:skeleton":3,"minecraft:pillager":16,"minecraft:donkey":3,"minecraft:bee":1,"alexsmobs:terrapin":1,"minecraft:chicken":1,"minecraft:cow":8},"minecraft:mined":{"minecraft:white_bed":4,"minecraft:oak_sapling":1,"minecraft:dark_oak_log":100,"minecraft:dandelion":1,"minecraft:crafting_table":7,"minecraft:grass_block":1,"minecraft:stone_slab":1,"minecraft:tall_grass":7,"minecraft:copper_ore":1,"minecraft:cobblestone":5,"minecraft:furnace":2,"minecraft:birch_log":20,"minecraft:iron_ore":15,"minecraft:grass":6,"minecraft:oak_log":6,"minecraft:coal_ore":128,"minecraft:dirt":1,"minecraft:stone":1214,"minecraft:stone_bricks":7},"minecraft:dropped":{"minecraft:bread":3,"minecraft:iron_sword":1,"useless_sword:molten_sword":1,"minecraft:stone_sword":1,"minecraft:chainmail_helmet":1,"minecraft:chainmail_chestplate":1,"minecraft:diamond_sword":1,"minecraft:shield":1,"useless_sword:coal_sword":1,"apotheosis:gem":1,"minecraft:stone_pickaxe":2,"epicfight:skillbook":1},"minecraft:custom":{"minecraft:interact_with_smithing_table":16,"lootr:looted_stat":4,"minecraft:mob_kills":35,"minecraft:interact_with_crafting_table":12,"minecraft:leave_game":6,"minecraft:time_since_death":703,"minecraft:sleep_in_bed":6,"minecraft:climb_one_cm":9401,"minecraft:time_since_rest":736,"minecraft:sprint_one_cm":201477,"minecraft:damage_taken":2133,"minecraft:walk_one_cm":441119,"minecraft:damage_blocked_by_shield":668,"minecraft:trigger_trapped_chest":1,"minecraft:drop":13,"minecraft:damage_dealt":9209,"minecraft:damage_dealt_absorbed":339,"minecraft:fly_one_cm":203409,"minecraft:player_kills":1,"minecraft:crouch_one_cm":2686,"minecraft:play_time":78110,"minecraft:deaths":10,"minecraft:sneak_time":797,"minecraft:walk_under_water_one_cm":1681,"minecraft:jump":1423,"minecraft:walk_on_water_one_cm":5471,"minecraft:total_world_time":78110,"minecraft:fall_one_cm":23235},"minecraft:broken":{"minecraft:stone_pickaxe":10,"minecraft:wooden_pickaxe":1},"minecraft:crafted":{"minecraft:oak_planks":24,"minecraft:wooden_pickaxe":1,"minecraft:birch_planks":8,"minecraft:stone_axe":2,"useless_sword:coal_sword":1,"minecraft:shield":1,"minecraft:stick":44,"minecraft:stone_pickaxe":20,"minecraft:torch":76},"minecraft:killed_by":{"minecraft:player":7,"minecraft:pillager":1},"minecraft:picked_up":{"minecraft:birch_log":19,"minecraft:crafting_table":9,"minecraft:feather":2,"minecraft:chainmail_boots":1,"minecraft:chicken":1,"minecraft:leather":17,"minecraft:diamond_sword":1,"minecraft:oak_log":6,"minecraft:chainmail_chestplate":2,"minecraft:shield":1,"minecraft:dirt":2,"minecraft:string":2,"minecraft:raw_copper":5,"minecraft:bone":1,"minecraft:apple":4,"minecraft:stone_bricks":8,"minecraft:wheat_seeds":1,"useless_sword:witherred_sword":1,"minecraft:stone_pickaxe":1,"minecraft:beef":17,"minecraft:jungle_sapling":2,"minecraft:birch_sapling":4,"minecraft:iron_sword":1,"minecraft:furnace":2,"minecraft:stick":21,"minecraft:raw_iron":20,"minecraft:dark_oak_sapling":17,"apotheosis:gem":3,"minecraft:dripstone_block":3,"epicfight:skillbook":2,"minecraft:pointed_dripstone":2,"minecraft:white_bed":4,"minecraft:dark_oak_log":100,"minecraft:stone_sword":1,"minecraft:arrow":5,"useless_sword:coal_sword":1,"minecraft:chainmail_helmet":2,"minecraft:bread":3,"minecraft:oak_sapling":4,"minecraft:coal":133,"useless_sword:molten_sword":1,"minecraft:cobblestone":1196},"minecraft:used":{"epicfight:skillbook":1,"minecraft:stone_sword":34,"minecraft:stone_pickaxe":1319,"useless_sword:coal_sword":102,"minecraft:wooden_pickaxe":59,"minecraft:shield":16,"minecraft:iron_sword":4,"minecraft:torch":13,"minecraft:crafting_table":3,"minecraft:white_bed":5,"minecraft:apple":3,"minecraft:bread":14,"minecraft:stone_axe":137,"minecraft:diamond_sword":2,"minecraft:cobblestone":28,"minecraft:oak_sapling":1,"alexsmobs:animal_dictionary":1}},"DataVersion":2975}