{"stats":{"minecraft:killed":{"minecraft:spider":1,"minecraft:skeleton":2,"minecraft:donkey":3,"minecraft:bee":1,"alexsmobs:terrapin":1,"minecraft:chicken":1,"minecraft:cow":8},"minecraft:mined":{"minecraft:white_bed":2,"minecraft:oak_sapling":1,"minecraft:dark_oak_log":100,"minecraft:crafting_table":6,"minecraft:grass_block":1,"minecraft:stone_slab":1,"minecraft:tall_grass":4,"minecraft:copper_ore":1,"minecraft:cobblestone":5,"minecraft:furnace":2,"minecraft:birch_log":20,"minecraft:iron_ore":2,"minecraft:grass":4,"minecraft:oak_log":6,"minecraft:coal_ore":33,"minecraft:dirt":1,"minecraft:stone":164,"minecraft:stone_bricks":7},"minecraft:dropped":{"minecraft:bread":3,"minecraft:iron_sword":1,"useless_sword:molten_sword":1,"minecraft:stone_sword":1,"minecraft:chainmail_chestplate":1,"minecraft:diamond_sword":1,"minecraft:shield":1,"useless_sword:coal_sword":1,"epicfight:skillbook":1},"minecraft:custom":{"minecraft:interact_with_smithing_table":16,"lootr:looted_stat":4,"minecraft:mob_kills":16,"minecraft:interact_with_crafting_table":9,"minecraft:leave_game":5,"minecraft:time_since_death":9913,"minecraft:sleep_in_bed":3,"minecraft:climb_one_cm":7718,"minecraft:time_since_rest":9968,"minecraft:sprint_one_cm":132938,"minecraft:damage_taken":707,"minecraft:walk_one_cm":302306,"minecraft:damage_blocked_by_shield":74,"minecraft:trigger_trapped_chest":1,"minecraft:drop":9,"minecraft:damage_dealt":2457,"minecraft:damage_dealt_absorbed":40,"minecraft:fly_one_cm":129550,"minecraft:crouch_one_cm":2289,"minecraft:play_time":54146,"minecraft:deaths":2,"minecraft:sneak_time":557,"minecraft:walk_under_water_one_cm":1681,"minecraft:jump":798,"minecraft:walk_on_water_one_cm":2423,"minecraft:total_world_time":54146,"minecraft:fall_one_cm":16186},"minecraft:broken":{"minecraft:stone_pickaxe":1,"minecraft:wooden_pickaxe":1},"minecraft:crafted":{"minecraft:oak_planks":24,"minecraft:wooden_pickaxe":1,"minecraft:birch_planks":8,"minecraft:stone_axe":2,"useless_sword:coal_sword":1,"minecraft:shield":1,"minecraft:stick":8,"minecraft:stone_pickaxe":2,"minecraft:torch":76},"minecraft:killed_by":{"minecraft:player":2},"minecraft:picked_up":{"minecraft:birch_log":19,"minecraft:crafting_table":7,"minecraft:feather":2,"minecraft:chicken":1,"minecraft:leather":17,"minecraft:diamond_sword":1,"minecraft:oak_log":6,"minecraft:chainmail_chestplate":2,"minecraft:shield":1,"minecraft:dirt":2,"minecraft:string":2,"minecraft:raw_copper":5,"minecraft:bone":1,"minecraft:apple":4,"minecraft:stone_bricks":8,"minecraft:wheat_seeds":1,"useless_sword:witherred_sword":1,"minecraft:beef":17,"minecraft:jungle_sapling":2,"minecraft:birch_sapling":4,"minecraft:iron_sword":1,"minecraft:furnace":2,"minecraft:raw_iron":2,"minecraft:dark_oak_sapling":17,"minecraft:stick":21,"minecraft:dripstone_block":3,"epicfight:skillbook":2,"minecraft:pointed_dripstone":2,"minecraft:white_bed":2,"minecraft:dark_oak_log":100,"minecraft:stone_sword":1,"minecraft:arrow":5,"useless_sword:coal_sword":1,"minecraft:bread":3,"minecraft:oak_sapling":4,"minecraft:coal":41,"useless_sword:molten_sword":1,"minecraft:cobblestone":177},"minecraft:used":{"epicfight:skillbook":1,"minecraft:stone_sword":34,"minecraft:stone_pickaxe":158,"minecraft:shield":1,"minecraft:wooden_pickaxe":59,"minecraft:iron_sword":4,"minecraft:torch":8,"minecraft:crafting_table":1,"minecraft:white_bed":3,"minecraft:bread":10,"minecraft:stone_axe":136,"minecraft:diamond_sword":2,"minecraft:cobblestone":28,"minecraft:oak_sapling":1,"alexsmobs:animal_dictionary":1}},"DataVersion":2975}