{"stats":{"minecraft:killed":{"minecraft:spider":1,"alexsmobs:emu":1,"minecraft:skeleton":3,"minecraft:pillager":16,"minecraft:donkey":3,"minecraft:bee":1,"alexsmobs:terrapin":1,"minecraft:chicken":1,"minecraft:cow":8},"minecraft:mined":{"minecraft:white_bed":6,"minecraft:oak_sapling":1,"minecraft:dark_oak_log":100,"minecraft:dandelion":1,"minecraft:crafting_table":7,"minecraft:grass_block":1,"minecraft:stone_slab":1,"minecraft:tall_grass":9,"minecraft:copper_ore":1,"minecraft:cobblestone":5,"minecraft:spawner":1,"minecraft:black_stained_glass_pane":2,"minecraft:repeater":1,"minecraft:furnace":2,"minecraft:light_gray_stained_glass":2,"minecraft:birch_log":20,"minecraft:iron_ore":22,"minecraft:grass":6,"minecraft:oak_log":6,"minecraft:coal_ore":128,"minecraft:vine":1,"minecraft:dirt":1,"minecraft:stone":1214,"minecraft:stone_bricks":7},"minecraft:dropped":{"minecraft:bread":3,"minecraft:iron_sword":1,"useless_sword:molten_sword":1,"minecraft:stone_sword":1,"minecraft:chainmail_helmet":1,"minecraft:chainmail_chestplate":1,"minecraft:diamond_sword":1,"minecraft:shield":1,"useless_sword:coal_sword":1,"apotheosis:gem":1,"minecraft:stone_pickaxe":2,"epicfight:skillbook":1},"minecraft:custom":{"minecraft:interact_with_smithing_table":16,"lootr:looted_stat":8,"minecraft:mob_kills":36,"minecraft:interact_with_crafting_table":12,"minecraft:leave_game":6,"minecraft:time_since_death":5317,"minecraft:sleep_in_bed":7,"minecraft:climb_one_cm":22036,"minecraft:time_since_rest":5405,"minecraft:sprint_one_cm":234736,"minecraft:damage_taken":2431,"minecraft:walk_one_cm":492954,"minecraft:damage_blocked_by_shield":718,"minecraft:trigger_trapped_chest":1,"minecraft:drop":13,"minecraft:damage_dealt":9409,"minecraft:damage_dealt_absorbed":339,"minecraft:fly_one_cm":259968,"minecraft:player_kills":1,"minecraft:crouch_one_cm":2944,"minecraft:play_time":90110,"minecraft:deaths":11,"minecraft:sneak_time":869,"minecraft:walk_under_water_one_cm":1681,"minecraft:jump":1699,"minecraft:walk_on_water_one_cm":5471,"minecraft:total_world_time":90110,"minecraft:fall_one_cm":33734},"minecraft:broken":{"minecraft:stone_pickaxe":10,"minecraft:wooden_pickaxe":1},"minecraft:crafted":{"minecraft:oak_planks":24,"minecraft:wooden_pickaxe":1,"minecraft:birch_planks":8,"minecraft:stone_axe":2,"useless_sword:coal_sword":1,"minecraft:shield":1,"minecraft:stick":44,"minecraft:stone_pickaxe":20,"minecraft:torch":76},"minecraft:killed_by":{"minecraft:player":7,"minecraft:pillager":1},"minecraft:picked_up":{"minecraft:birch_log":19,"minecraft:crafting_table":9,"minecraft:feather":3,"minecraft:chainmail_boots":1,"minecraft:chicken":1,"minecraft:leather":17,"minecraft:diamond_sword":1,"minecraft:potion":1,"minecraft:enchanted_book":1,"minecraft:oak_log":6,"minecraft:chainmail_chestplate":2,"minecraft:shield":1,"minecraft:dirt":2,"minecraft:string":2,"minecraft:raw_copper":5,"minecraft:bone":1,"minecraft:apple":4,"minecraft:stone_bricks":8,"alexsmobs:emu_feather":1,"minecraft:wheat_seeds":1,"useless_sword:witherred_sword":1,"minecraft:stone_pickaxe":1,"minecraft:beef":17,"minecraft:jungle_sapling":2,"minecraft:birch_sapling":4,"minecraft:iron_sword":1,"minecraft:furnace":2,"minecraft:stick":21,"minecraft:raw_iron":27,"minecraft:dark_oak_sapling":17,"apotheosis:gem":3,"minecraft:dripstone_block":3,"epicfight:skillbook":2,"minecraft:pointed_dripstone":2,"minecraft:white_bed":6,"minecraft:dark_oak_log":100,"minecraft:stone_sword":1,"minecraft:arrow":5,"useless_sword:coal_sword":1,"minecraft:chainmail_helmet":2,"minecraft:bread":3,"minecraft:oak_sapling":4,"minecraft:coal":133,"useless_sword:molten_sword":1,"minecraft:cobblestone":1196},"minecraft:used":{"epicfight:skillbook":1,"minecraft:stone_sword":34,"minecraft:stone_pickaxe":1328,"useless_sword:coal_sword":105,"minecraft:wooden_pickaxe":59,"minecraft:shield":20,"minecraft:iron_sword":4,"minecraft:torch":19,"minecraft:crafting_table":3,"minecraft:white_bed":7,"minecraft:apple":8,"minecraft:bread":14,"minecraft:stone_axe":137,"minecraft:diamond_sword":2,"minecraft:cobblestone":66,"minecraft:oak_sapling":1,"alexsmobs:animal_dictionary":1}},"DataVersion":2975}