{"stats":{"minecraft:killed_by":{"minecraft:player":9,"minecraft:pillager":1,"alexsmobs:elephant":1,"minecraft:magma_cube":1},"minecraft:used":{"epicfight:skillbook":1,"minecraft:stone_sword":34,"minecraft:spruce_slab":1,"minecraft:stone_pickaxe":1403,"useless_sword:coal_sword":123,"minecraft:wooden_pickaxe":59,"minecraft:shield":40,"minecraft:iron_sword":4,"minecraft:torch":30,"minecraft:crafting_table":4,"minecraft:white_bed":9,"useless_sword:witherred_sword":51,"minecraft:apple":8,"minecraft:bread":18,"minecraft:stone_axe":137,"minecraft:diamond_sword":2,"minecraft:cobblestone":66,"minecraft:oak_sapling":1,"alexsmobs:animal_dictionary":1},"minecraft:broken":{"minecraft:stone_pickaxe":10,"useless_sword:coal_sword":1,"minecraft:wooden_pickaxe":1},"minecraft:dropped":{"minecraft:bread":3,"minecraft:iron_sword":1,"useless_sword:molten_sword":1,"minecraft:stone_sword":1,"minecraft:white_bed":1,"minecraft:chainmail_helmet":1,"minecraft:chainmail_chestplate":1,"minecraft:diamond_sword":1,"minecraft:shield":1,"useless_sword:coal_sword":1,"apotheosis:gem":1,"minecraft:stone_pickaxe":2,"epicfight:skillbook":1},"minecraft:mined":{"minecraft:acacia_leaves":5,"minecraft:white_bed":7,"minecraft:oak_sapling":1,"minecraft:melon_stem":1,"minecraft:dark_oak_log":100,"minecraft:dandelion":1,"minecraft:crafting_table":7,"minecraft:grass_block":1,"minecraft:stone_slab":1,"minecraft:copper_ore":1,"minecraft:tall_grass":9,"minecraft:cobblestone":5,"minecraft:wall_torch":1,"minecraft:hay_block":19,"minecraft:spawner":1,"minecraft:black_stained_glass_pane":2,"minecraft:repeater":1,"minecraft:furnace":2,"minecraft:light_gray_stained_glass":2,"minecraft:iron_ore":22,"minecraft:birch_log":20,"minecraft:wheat":28,"minecraft:fire":3,"minecraft:grass":11,"minecraft:oak_log":6,"minecraft:coal_ore":129,"minecraft:vine":1,"minecraft:light_gray_concrete":74,"minecraft:dirt":1,"minecraft:stone":1214,"minecraft:stone_bricks":7},"minecraft:killed":{"minecraft:magma_cube":2,"minecraft:spider":1,"alexsmobs:emu":1,"minecraft:skeleton":9,"alexsmobs:catfish":1,"minecraft:pillager":17,"alexsmobs:elephant":2,"minecraft:donkey":3,"minecraft:bee":1,"alexsmobs:terrapin":1,"minecraft:chicken":1,"alexsmobs:gazelle":1,"alexsmobs:kangaroo":5,"minecraft:cow":8},"minecraft:picked_up":{"minecraft:birch_log":19,"minecraft:wheat":28,"minecraft:crafting_table":9,"minecraft:feather":3,"minecraft:chainmail_boots":1,"minecraft:chicken":1,"minecraft:leather":17,"minecraft:diamond_sword":1,"minecraft:potion":1,"minecraft:enchanted_book":1,"minecraft:oak_log":6,"minecraft:chainmail_chestplate":2,"alexsmobs:cooked_kangaroo_meat":12,"minecraft:shield":1,"alexsmobs:gazelle_horn":1,"minecraft:dirt":9,"minecraft:string":3,"minecraft:raw_copper":5,"minecraft:bone":10,"minecraft:apple":4,"minecraft:stone_bricks":8,"minecraft:wheat_seeds":85,"alexsmobs:emu_feather":1,"useless_sword:witherred_sword":1,"minecraft:beef":17,"minecraft:stone_pickaxe":1,"minecraft:redstone_torch":1,"minecraft:jungle_sapling":2,"minecraft:iron_pickaxe":1,"minecraft:spruce_slab":1,"minecraft:birch_sapling":4,"minecraft:iron_sword":1,"minecraft:furnace":2,"minecraft:stick":22,"minecraft:raw_iron":27,"minecraft:dark_oak_sapling":17,"apotheosis:gem":3,"minecraft:dripstone_block":3,"epicfight:skillbook":2,"minecraft:pointed_dripstone":2,"minecraft:white_bed":9,"minecraft:redstone":1,"minecraft:dark_oak_log":100,"alexsmobs:raw_catfish":3,"alexsmobs:kangaroo_hide":5,"minecraft:light_gray_concrete":1,"minecraft:stone_sword":1,"minecraft:arrow":11,"useless_sword:coal_sword":1,"minecraft:hay_block":19,"minecraft:chainmail_helmet":2,"minecraft:bread":3,"minecraft:oak_sapling":4,"minecraft:coal":133,"useless_sword:molten_sword":1,"minecraft:cobblestone":1196},"minecraft:crafted":{"minecraft:oak_planks":24,"minecraft:wooden_pickaxe":1,"minecraft:birch_planks":8,"minecraft:stone_axe":2,"minecraft:bread":42,"useless_sword:coal_sword":1,"minecraft:shield":1,"minecraft:stick":44,"minecraft:stone_pickaxe":20,"minecraft:torch":76,"minecraft:wheat":171},"minecraft:custom":{"minecraft:interact_with_smithing_table":16,"lootr:looted_stat":15,"minecraft:mob_kills":59,"minecraft:interact_with_crafting_table":15,"minecraft:leave_game":7,"minecraft:time_since_death":1082,"minecraft:sleep_in_bed":9,"minecraft:climb_one_cm":26175,"minecraft:time_since_rest":1146,"minecraft:sprint_one_cm":333244,"minecraft:damage_taken":3321,"minecraft:walk_one_cm":696141,"minecraft:damage_blocked_by_shield":1647,"minecraft:trigger_trapped_chest":1,"minecraft:drop":14,"minecraft:damage_dealt":14853,"minecraft:swim_one_cm":9041,"minecraft:damage_dealt_absorbed":663,"minecraft:fly_one_cm":388758,"minecraft:player_kills":4,"minecraft:open_chest":1,"minecraft:crouch_one_cm":3042,"minecraft:play_time":117527,"minecraft:deaths":16,"minecraft:sneak_time":891,"minecraft:walk_under_water_one_cm":4631,"minecraft:jump":2165,"minecraft:walk_on_water_one_cm":12800,"minecraft:total_world_time":117527,"minecraft:fall_one_cm":44240}},"DataVersion":2975}