{"stats":{"minecraft:killed_by":{"minecraft:player":9,"minecraft:pillager":1,"alexsmobs:elephant":1,"minecraft:magma_cube":1},"minecraft:used":{"epicfight:skillbook":1,"minecraft:stone_sword":34,"minecraft:stone_pickaxe":1403,"useless_sword:coal_sword":123,"minecraft:wooden_pickaxe":59,"minecraft:shield":31,"minecraft:iron_sword":4,"minecraft:torch":30,"minecraft:crafting_table":3,"minecraft:white_bed":8,"useless_sword:witherred_sword":26,"minecraft:apple":8,"minecraft:bread":14,"minecraft:stone_axe":137,"minecraft:diamond_sword":2,"minecraft:cobblestone":66,"minecraft:oak_sapling":1,"alexsmobs:animal_dictionary":1},"minecraft:broken":{"minecraft:stone_pickaxe":10,"useless_sword:coal_sword":1,"minecraft:wooden_pickaxe":1},"minecraft:dropped":{"minecraft:bread":3,"minecraft:iron_sword":1,"useless_sword:molten_sword":1,"minecraft:stone_sword":1,"minecraft:white_bed":1,"minecraft:chainmail_helmet":1,"minecraft:chainmail_chestplate":1,"minecraft:diamond_sword":1,"minecraft:shield":1,"useless_sword:coal_sword":1,"apotheosis:gem":1,"minecraft:stone_pickaxe":2,"epicfight:skillbook":1},"minecraft:mined":{"minecraft:white_bed":6,"minecraft:oak_sapling":1,"minecraft:dark_oak_log":100,"minecraft:dandelion":1,"minecraft:crafting_table":7,"minecraft:grass_block":1,"minecraft:stone_slab":1,"minecraft:copper_ore":1,"minecraft:tall_grass":9,"minecraft:cobblestone":5,"minecraft:wall_torch":1,"minecraft:spawner":1,"minecraft:black_stained_glass_pane":2,"minecraft:repeater":1,"minecraft:furnace":2,"minecraft:light_gray_stained_glass":2,"minecraft:iron_ore":22,"minecraft:birch_log":20,"minecraft:fire":3,"minecraft:grass":8,"minecraft:oak_log":6,"minecraft:coal_ore":129,"minecraft:vine":1,"minecraft:light_gray_concrete":74,"minecraft:dirt":1,"minecraft:stone":1214,"minecraft:stone_bricks":7},"minecraft:killed":{"minecraft:magma_cube":2,"minecraft:spider":1,"alexsmobs:emu":1,"minecraft:skeleton":9,"minecraft:pillager":16,"minecraft:donkey":3,"minecraft:bee":1,"alexsmobs:terrapin":1,"minecraft:chicken":1,"alexsmobs:gazelle":1,"alexsmobs:kangaroo":1,"minecraft:cow":8},"minecraft:picked_up":{"minecraft:birch_log":19,"minecraft:crafting_table":9,"minecraft:feather":3,"minecraft:chainmail_boots":1,"minecraft:chicken":1,"minecraft:leather":17,"minecraft:diamond_sword":1,"minecraft:potion":1,"minecraft:enchanted_book":1,"minecraft:oak_log":6,"minecraft:chainmail_chestplate":2,"alexsmobs:cooked_kangaroo_meat":2,"minecraft:shield":1,"alexsmobs:gazelle_horn":1,"minecraft:dirt":2,"minecraft:string":2,"minecraft:raw_copper":5,"minecraft:bone":10,"minecraft:apple":4,"minecraft:stone_bricks":8,"minecraft:wheat_seeds":1,"alexsmobs:emu_feather":1,"useless_sword:witherred_sword":1,"minecraft:beef":17,"minecraft:stone_pickaxe":1,"minecraft:redstone_torch":1,"minecraft:jungle_sapling":2,"minecraft:spruce_slab":1,"minecraft:birch_sapling":4,"minecraft:iron_sword":1,"minecraft:furnace":2,"minecraft:stick":21,"minecraft:raw_iron":27,"minecraft:dark_oak_sapling":17,"apotheosis:gem":3,"minecraft:dripstone_block":3,"epicfight:skillbook":2,"minecraft:pointed_dripstone":2,"minecraft:white_bed":8,"minecraft:dark_oak_log":100,"alexsmobs:kangaroo_hide":1,"minecraft:light_gray_concrete":1,"minecraft:stone_sword":1,"minecraft:arrow":11,"useless_sword:coal_sword":1,"minecraft:chainmail_helmet":2,"minecraft:bread":3,"minecraft:oak_sapling":4,"minecraft:coal":133,"useless_sword:molten_sword":1,"minecraft:cobblestone":1196},"minecraft:crafted":{"minecraft:oak_planks":24,"minecraft:wooden_pickaxe":1,"minecraft:birch_planks":8,"minecraft:stone_axe":2,"useless_sword:coal_sword":1,"minecraft:shield":1,"minecraft:stick":44,"minecraft:stone_pickaxe":20,"minecraft:torch":76},"minecraft:custom":{"minecraft:interact_with_smithing_table":16,"lootr:looted_stat":12,"minecraft:mob_kills":47,"minecraft:interact_with_crafting_table":14,"minecraft:leave_game":7,"minecraft:time_since_death":461,"minecraft:sleep_in_bed":8,"minecraft:climb_one_cm":26175,"minecraft:time_since_rest":499,"minecraft:sprint_one_cm":275580,"minecraft:damage_taken":2990,"minecraft:walk_one_cm":618676,"minecraft:damage_blocked_by_shield":1197,"minecraft:trigger_trapped_chest":1,"minecraft:drop":14,"minecraft:damage_dealt":12154,"minecraft:swim_one_cm":1823,"minecraft:damage_dealt_absorbed":393,"minecraft:fly_one_cm":296942,"minecraft:player_kills":3,"minecraft:crouch_one_cm":3042,"minecraft:play_time":105527,"minecraft:deaths":15,"minecraft:sneak_time":891,"minecraft:walk_under_water_one_cm":1763,"minecraft:jump":1860,"minecraft:walk_on_water_one_cm":10828,"minecraft:total_world_time":105527,"minecraft:fall_one_cm":37494}},"DataVersion":2975}