{"stats":{"minecraft:killed_by":{"minecraft:wither_skeleton":1,"minecraft:creeper":3,"minecraft:pillager":1,"alexsmobs:elephant":1,"minecraft:drowned":5,"minecraft:magma_cube":1,"alexsmobs:cachalot_whale":1,"minecraft:piglin":2,"minecraft:zombie":27,"minecraft:player":17,"minecraft:enderman":2,"minecraft:skeleton":5,"cataclysm:netherite_monstrosity":5},"minecraft:killed":{"alexsmobs:lobster":2,"minecraft:cave_spider":3,"minecraft:zombified_piglin":3,"minecraft:witch":2,"minecraft:spider":5,"alexsmobs:froststalker":6,"minecraft:skeleton":17,"minecraft:bee":1,"minecraft:chicken":26,"minecraft:turtle":1,"alexsmobs:kangaroo":5,"minecraft:magma_cube":2,"minecraft:pig":4,"alexsmobs:grizzly_bear":2,"minecraft:zombie_villager":1,"minecraft:creeper":2,"alexsmobs:warped_toad":1,"minecraft:sheep":11,"minecraft:pillager":17,"minecraft:zombie":73,"minecraft:donkey":3,"alexsmobs:terrapin":1,"minecraft:stray":2,"minecraft:blaze":3,"minecraft:cow":14,"alexsmobs:raccoon":1,"alexsmobs:tasmanian_devil":2,"minecraft:horse":8,"dungeons_mobs:frozen_zombie":2,"minecraft:drowned":7,"alexsmobs:tusklin":1,"minecraft:husk":1,"alexsmobs:emu":1,"alexsmobs:catfish":1,"alexsmobs:elephant":2,"alexsmobs:gazelle":1,"minecraft:enderman":3},"minecraft:crafted":{"minecraft:oak_planks":24,"minecraft:cooked_chicken":4,"minecraft:iron_boots":1,"wom:iron_greataxe":1,"minecraft:wooden_pickaxe":1,"minecraft:iron_helmet":1,"minecraft:birch_planks":32,"useless_sword:coal_sword":1,"minecraft:shield":3,"minecraft:stick":48,"minecraft:furnace":1,"minecraft:stone_pickaxe":20,"epicfight:iron_greatsword":1,"minecraft:wheat":171,"minecraft:stone_axe":2,"minecraft:bread":42,"epicfight:iron_tachi":1,"minecraft:torch":76},"minecraft:picked_up":{"minecraft:iron_chestplate":2,"minecraft:wheat":28,"minecraft:chainmail_boots":1,"cataclysm:monstrous_horn":1,"minecraft:anvil":1,"minecraft:diamond_sword":1,"minecraft:stone_slab":2,"minecraft:smithing_table":1,"minecraft:enchanted_book":1,"minecraft:potion":1,"wom:stone_staff":3,"minecraft:gilded_blackstone":1,"alexsmobs:gazelle_horn":1,"minecraft:string":13,"minecraft:soul_soil":29,"minecraft:raw_copper":5,"minecraft:iron_leggings":2,"alexsmobs:emu_feather":1,"minecraft:diamond_leggings":1,"minecraft:red_sand":7,"minecraft:gold_nugget":46,"minecraft:white_tulip":1,"minecraft:redstone_torch":1,"minecraft:iron_pickaxe":2,"minecraft:furnace":4,"minecraft:iron_boots":3,"minecraft:stick":23,"apotheosis:gem":5,"epicfight:skillbook":11,"minecraft:pointed_dripstone":2,"minecraft:stone_sword":1,"minecraft:rotten_flesh":94,"useless_sword:coal_sword":1,"minecraft:end_rod":1,"minecraft:blaze_rod":2,"minecraft:obsidian":2,"minecraft:snowball":49,"minecraft:cobblestone":1305,"minecraft:birch_log":19,"epicfight:stone_spear":1,"minecraft:feather":27,"minecraft:cooked_beef":3,"minecraft:potato":1,"alexsmobs:cooked_kangaroo_meat":12,"minecraft:dirt":42,"minecraft:leather_boots":3,"minecraft:bone":16,"minecraft:bow":4,"minecraft:wheat_seeds":89,"minecraft:cooked_porkchop":4,"minecraft:ink_sac":7,"minecraft:grass_block":1,"minecraft:spectral_arrow":2,"minecraft:dark_oak_log":100,"minecraft:light_gray_concrete":1,"alexsmobs:kangaroo_hide":5,"minecraft:blue_ice":4,"minecraft:bread":3,"minecraft:chainmail_helmet":5,"minecraft:oak_sapling":4,"minecraft:netherrack":527,"useless_sword:molten_sword":4,"wom:satsujin":1,"minecraft:diamond_pickaxe":3,"minecraft:crafting_table":9,"minecraft:chicken":4,"minecraft:nether_wart":1,"minecraft:turtle_helmet":1,"minecraft:packed_ice":4,"minecraft:gold_block":1,"alexsmobs:froststalker_horn":2,"minecraft:shield":3,"minecraft:wooden_sword":3,"minecraft:iron_axe":1,"useless_sword:witherred_sword":3,"minecraft:beef":59,"apotheosis:explosive_arrow":1,"minecraft:jungle_sapling":2,"minecraft:spruce_slab":1,"alexsmobs:cooked_lobster_tail":1,"minecraft:birch_sapling":4,"minecraft:egg":2,"minecraft:dark_oak_sapling":17,"minecraft:raw_iron":27,"minecraft:copper_ingot":1,"minecraft:polished_blackstone_bricks":22,"useless_sword:enderman_sword":1,"minecraft:trident":1,"minecraft:redstone":1,"minecraft:arrow":24,"minecraft:nether_bricks":6,"minecraft:hay_block":19,"minecraft:white_wool":10,"minecraft:leather":38,"minecraft:blackstone_slab":4,"wom:iron_greataxe":1,"minecraft:oak_log":6,"minecraft:chainmail_chestplate":3,"minecraft:ancient_debris":1,"minecraft:cooked_mutton":15,"cataclysm:infernal_forge":2,"minecraft:apple":4,"minecraft:stone_bricks":8,"minecraft:stone_pickaxe":2,"minecraft:cooked_chicken":21,"minecraft:glass_bottle":1,"minecraft:iron_sword":5,"minecraft:warped_fungus":1,"minecraft:quartz":5,"minecraft:dripstone_block":3,"minecraft:white_bed":10,"minecraft:spider_eye":1,"minecraft:leather_helmet":1,"alexsmobs:raw_catfish":3,"minecraft:stone_axe":1,"minecraft:iron_helmet":2,"minecraft:baked_potato":1,"minecraft:black_wool":1,"minecraft:warped_nylium":2,"minecraft:coal":293,"minecraft:ender_pearl":2},"minecraft:mined":{"minecraft:large_amethyst_bud":3,"minecraft:white_bed":7,"minecraft:oak_sapling":1,"minecraft:obsidian":2,"minecraft:red_sand":1,"minecraft:grass_block":2,"minecraft:soul_soil":32,"minecraft:gilded_blackstone":2,"minecraft:spawner":3,"minecraft:polished_blackstone_bricks":29,"minecraft:iron_ore":22,"minecraft:fire":4,"minecraft:anvil":1,"minecraft:light_gray_concrete":74,"minecraft:melon_stem":1,"minecraft:medium_amethyst_bud":1,"minecraft:soul_fire":52,"minecraft:nether_quartz_ore":7,"minecraft:cobblestone":10,"minecraft:wall_torch":1,"minecraft:warped_nylium":4,"minecraft:repeater":1,"minecraft:birch_log":20,"minecraft:light_gray_stained_glass":2,"minecraft:wheat":28,"minecraft:warped_fungus":1,"minecraft:grass":26,"minecraft:oak_log":6,"minecraft:dirt":1,"minecraft:netherrack":663,"minecraft:ancient_debris":1,"minecraft:nether_gold_ore":12,"minecraft:dark_oak_log":100,"minecraft:nether_bricks":10,"minecraft:redstone_wire":1,"minecraft:hay_block":19,"minecraft:black_stained_glass_pane":2,"minecraft:furnace":4,"minecraft:vine":1,"minecraft:stone":1219,"minecraft:smithing_table":1,"minecraft:acacia_leaves":5,"minecraft:dandelion":1,"minecraft:crafting_table":8,"minecraft:blackstone_slab":4,"minecraft:stone_slab":1,"minecraft:tall_grass":10,"minecraft:copper_ore":1,"minecraft:polished_blackstone_brick_stairs":2,"minecraft:coal_ore":174,"minecraft:end_rod":1,"minecraft:stone_bricks":7,"minecraft:fern":4},"minecraft:used":{"wom:satsujin":9,"minecraft:red_sand":2,"minecraft:spruce_slab":1,"minecraft:shield":159,"minecraft:iron_sword":35,"minecraft:rotten_flesh":5,"minecraft:iron_chestplate":1,"useless_sword:molten_sword":133,"minecraft:obsidian":7,"useless_sword:witherred_sword":135,"cataclysm:infernal_forge":27,"alexsmobs:cooked_lobster_tail":1,"minecraft:iron_helmet":2,"minecraft:bow":54,"minecraft:furnace":1,"minecraft:oak_sapling":1,"epicfight:skillbook":16,"minecraft:end_rod":1,"minecraft:stone_pickaxe":1926,"useless_sword:coal_sword":123,"minecraft:ender_pearl":1,"minecraft:wooden_pickaxe":59,"epicfight:iron_tachi":139,"minecraft:bread":30,"minecraft:diamond_sword":2,"minecraft:wooden_sword":57,"minecraft:smithing_table":1,"minecraft:experience_bottle":3,"minecraft:trident":1,"minecraft:stone_sword":34,"minecraft:cooked_chicken":10,"minecraft:torch":30,"minecraft:anvil":2,"alexsmobs:cooked_kangaroo_meat":8,"wom:stone_staff":164,"wom:iron_greataxe":3,"epicfight:iron_greatsword":18,"minecraft:iron_boots":1,"minecraft:cooked_beef":3,"minecraft:enchanted_golden_apple":6,"minecraft:baked_potato":1,"minecraft:crafting_table":7,"minecraft:white_bed":10,"minecraft:diamond_pickaxe":29,"minecraft:apple":8,"minecraft:iron_pickaxe":250,"minecraft:stone_axe":137,"minecraft:cobblestone":263,"minecraft:potion":1,"minecraft:cooked_porkchop":1,"minecraft:bucket":1,"alexsmobs:animal_dictionary":1},"minecraft:custom":{"lootr:looted_stat":24,"minecraft:interact_with_crafting_table":34,"minecraft:leave_game":11,"minecraft:time_since_death":314,"minecraft:damage_resisted":407,"minecraft:sprint_one_cm":1044764,"minecraft:damage_blocked_by_shield":5927,"minecraft:drop":65,"minecraft:talked_to_villager":1,"minecraft:play_time":330916,"minecraft:deaths":89,"minecraft:jump":5232,"minecraft:walk_on_water_one_cm":38368,"minecraft:interact_with_furnace":10,"minecraft:sleep_in_bed":10,"minecraft:damage_dealt":47983,"minecraft:player_kills":14,"minecraft:crouch_one_cm":16377,"minecraft:interact_with_smithing_table":24,"minecraft:mob_kills":288,"minecraft:interact_with_anvil":1,"minecraft:climb_one_cm":29715,"minecraft:walk_one_cm":2088564,"minecraft:damage_dealt_absorbed":2242,"minecraft:sneak_time":3180,"minecraft:walk_under_water_one_cm":30721,"minecraft:boat_one_cm":5655,"minecraft:interact_with_blast_furnace":4,"minecraft:total_world_time":330916,"minecraft:time_since_rest":368,"minecraft:damage_taken":16822,"minecraft:damage_absorbed":778,"minecraft:trigger_trapped_chest":1,"minecraft:swim_one_cm":83966,"minecraft:fly_one_cm":1051992,"minecraft:open_chest":1,"minecraft:fall_one_cm":166614},"minecraft:dropped":{"minecraft:iron_sword":2,"minecraft:glass_bottle":1,"minecraft:diamond":2,"minecraft:leather_helmet":1,"minecraft:snowball":49,"minecraft:wooden_sword":2,"alexsmobs:emu_feather":1,"minecraft:white_tulip":1,"minecraft:stone_axe":1,"useless_sword:molten_sword":1,"minecraft:white_bed":1,"minecraft:chainmail_chestplate":1,"apotheosis:gem":1,"minecraft:leather_boots":2,"minecraft:chainmail_boots":1,"minecraft:leather_leggings":1,"minecraft:beef":17,"cataclysm:infernal_forge":1,"minecraft:netherrack":200,"minecraft:bread":3,"minecraft:iron_helmet":1,"minecraft:cobblestone":100,"wom:iron_greataxe":1,"epicfight:stone_spear":1,"minecraft:chainmail_helmet":3,"minecraft:coal":115,"minecraft:golden_apple":1,"minecraft:stick":4,"minecraft:potion":2,"minecraft:warped_nylium":1,"minecraft:stone_sword":3,"wom:satsujin":1,"minecraft:iron_boots":1,"minecraft:stone_slab":2,"wom:stone_staff":1,"minecraft:diamond_sword":1,"minecraft:shield":2,"useless_sword:coal_sword":1,"minecraft:iron_chestplate":4,"minecraft:diamond_pickaxe":2,"minecraft:bow":3,"minecraft:stone_pickaxe":2,"epicfight:skillbook":3},"minecraft:broken":{"minecraft:iron_chestplate":1,"minecraft:iron_leggings":2,"useless_sword:coal_sword":1,"minecraft:stone_pickaxe":14,"minecraft:diamond_boots":1,"minecraft:chainmail_chestplate":2,"minecraft:wooden_sword":1,"useless_sword:witherred_sword":1,"minecraft:diamond_leggings":1,"minecraft:chainmail_helmet":2,"minecraft:wooden_pickaxe":1,"minecraft:shield":1,"minecraft:iron_pickaxe":1}},"DataVersion":2975}