{"stats":{"minecraft:killed_by":{"minecraft:player":17,"minecraft:wither_skeleton":1,"minecraft:creeper":2,"minecraft:pillager":1,"minecraft:enderman":2,"alexsmobs:elephant":1,"minecraft:drowned":5,"minecraft:magma_cube":1,"minecraft:piglin":2,"minecraft:skeleton":5,"minecraft:zombie":25,"cataclysm:netherite_monstrosity":5},"minecraft:killed":{"alexsmobs:lobster":2,"minecraft:cave_spider":3,"minecraft:zombified_piglin":3,"minecraft:witch":1,"alexsmobs:raccoon":1,"minecraft:spider":2,"minecraft:horse":4,"minecraft:skeleton":16,"minecraft:bee":1,"minecraft:chicken":4,"minecraft:drowned":7,"minecraft:turtle":1,"alexsmobs:kangaroo":5,"minecraft:magma_cube":2,"minecraft:husk":1,"minecraft:pig":3,"alexsmobs:grizzly_bear":2,"minecraft:zombie_villager":1,"minecraft:creeper":1,"alexsmobs:emu":1,"alexsmobs:warped_toad":1,"minecraft:sheep":1,"alexsmobs:catfish":1,"minecraft:pillager":17,"minecraft:donkey":3,"minecraft:zombie":72,"alexsmobs:elephant":2,"alexsmobs:terrapin":1,"alexsmobs:gazelle":1,"minecraft:enderman":3,"minecraft:blaze":3,"minecraft:cow":14},"minecraft:crafted":{"minecraft:oak_planks":24,"minecraft:cooked_chicken":4,"minecraft:furnace":1,"wom:iron_greataxe":1,"minecraft:stone_pickaxe":20,"epicfight:iron_greatsword":1,"minecraft:wheat":171,"minecraft:wooden_pickaxe":1,"minecraft:birch_planks":32,"minecraft:stone_axe":2,"minecraft:bread":42,"useless_sword:coal_sword":1,"epicfight:iron_tachi":1,"minecraft:shield":3,"minecraft:stick":48,"minecraft:torch":76},"minecraft:mined":{"minecraft:nether_gold_ore":12,"minecraft:white_bed":7,"minecraft:oak_sapling":1,"minecraft:dark_oak_log":100,"minecraft:obsidian":2,"minecraft:nether_bricks":10,"minecraft:red_sand":1,"minecraft:grass_block":2,"minecraft:redstone_wire":1,"minecraft:soul_soil":32,"minecraft:spawner":3,"minecraft:gilded_blackstone":2,"minecraft:polished_blackstone_bricks":29,"minecraft:black_stained_glass_pane":2,"minecraft:hay_block":19,"minecraft:furnace":4,"minecraft:iron_ore":22,"minecraft:fire":4,"minecraft:anvil":1,"minecraft:vine":1,"minecraft:light_gray_concrete":74,"minecraft:stone":1219,"minecraft:smithing_table":1,"minecraft:acacia_leaves":5,"minecraft:melon_stem":1,"minecraft:soul_fire":52,"minecraft:dandelion":1,"minecraft:crafting_table":8,"minecraft:blackstone_slab":4,"minecraft:stone_slab":1,"minecraft:nether_quartz_ore":7,"minecraft:copper_ore":1,"minecraft:tall_grass":9,"minecraft:cobblestone":10,"minecraft:polished_blackstone_brick_stairs":2,"minecraft:wall_torch":1,"minecraft:repeater":1,"minecraft:warped_nylium":4,"minecraft:light_gray_stained_glass":2,"minecraft:birch_log":20,"minecraft:wheat":28,"minecraft:warped_fungus":1,"minecraft:grass":25,"minecraft:coal_ore":174,"minecraft:oak_log":6,"minecraft:dirt":1,"minecraft:stone_bricks":7,"minecraft:ancient_debris":1,"minecraft:netherrack":663,"minecraft:fern":3},"minecraft:picked_up":{"minecraft:anvil":1,"minecraft:iron_chestplate":1,"minecraft:crafting_table":9,"minecraft:wheat":28,"cataclysm:monstrous_horn":1,"minecraft:chainmail_boots":1,"minecraft:chicken":4,"minecraft:nether_wart":1,"minecraft:turtle_helmet":1,"minecraft:smithing_table":1,"minecraft:stone_slab":2,"minecraft:diamond_sword":1,"minecraft:potion":1,"minecraft:gold_block":1,"minecraft:enchanted_book":1,"wom:stone_staff":3,"minecraft:gilded_blackstone":1,"minecraft:shield":3,"minecraft:iron_axe":1,"alexsmobs:gazelle_horn":1,"minecraft:string":13,"minecraft:soul_soil":29,"minecraft:raw_copper":5,"minecraft:wooden_sword":3,"minecraft:iron_leggings":1,"minecraft:diamond_leggings":1,"minecraft:red_sand":7,"alexsmobs:emu_feather":1,"useless_sword:witherred_sword":3,"minecraft:gold_nugget":46,"minecraft:beef":59,"apotheosis:explosive_arrow":1,"minecraft:white_tulip":1,"minecraft:redstone_torch":1,"minecraft:egg":1,"minecraft:jungle_sapling":2,"minecraft:iron_pickaxe":1,"minecraft:spruce_slab":1,"alexsmobs:cooked_lobster_tail":1,"minecraft:birch_sapling":4,"minecraft:iron_boots":2,"minecraft:furnace":4,"minecraft:raw_iron":27,"minecraft:dark_oak_sapling":17,"minecraft:stick":23,"apotheosis:gem":5,"minecraft:copper_ingot":1,"epicfight:skillbook":11,"minecraft:polished_blackstone_bricks":22,"useless_sword:enderman_sword":1,"minecraft:pointed_dripstone":2,"minecraft:trident":1,"minecraft:redstone":1,"minecraft:stone_sword":1,"minecraft:arrow":24,"minecraft:rotten_flesh":92,"minecraft:nether_bricks":6,"useless_sword:coal_sword":1,"minecraft:hay_block":19,"minecraft:blaze_rod":2,"minecraft:obsidian":2,"minecraft:white_wool":1,"minecraft:cobblestone":1305,"minecraft:birch_log":19,"epicfight:stone_spear":1,"minecraft:feather":5,"minecraft:cooked_beef":3,"minecraft:leather":31,"minecraft:blackstone_slab":4,"minecraft:potato":1,"minecraft:oak_log":6,"minecraft:chainmail_chestplate":3,"minecraft:ancient_debris":1,"alexsmobs:cooked_kangaroo_meat":12,"minecraft:dirt":42,"minecraft:leather_boots":2,"minecraft:bone":16,"cataclysm:infernal_forge":2,"minecraft:apple":4,"minecraft:stone_bricks":8,"minecraft:bow":3,"minecraft:wheat_seeds":89,"minecraft:stone_pickaxe":2,"minecraft:glass_bottle":1,"minecraft:iron_sword":4,"minecraft:warped_fungus":1,"minecraft:cooked_porkchop":4,"minecraft:quartz":5,"minecraft:dripstone_block":3,"minecraft:white_bed":10,"minecraft:grass_block":1,"minecraft:spectral_arrow":2,"minecraft:dark_oak_log":100,"minecraft:spider_eye":1,"minecraft:leather_helmet":1,"alexsmobs:raw_catfish":3,"minecraft:light_gray_concrete":1,"alexsmobs:kangaroo_hide":5,"minecraft:iron_helmet":2,"minecraft:chainmail_helmet":5,"minecraft:bread":3,"minecraft:baked_potato":1,"minecraft:oak_sapling":4,"minecraft:netherrack":527,"minecraft:warped_nylium":2,"minecraft:coal":293,"useless_sword:molten_sword":4,"minecraft:diamond_pickaxe":2,"minecraft:ender_pearl":2},"minecraft:used":{"minecraft:stone_sword":34,"minecraft:trident":1,"minecraft:red_sand":2,"minecraft:spruce_slab":1,"minecraft:shield":159,"minecraft:iron_sword":31,"minecraft:cooked_chicken":4,"minecraft:rotten_flesh":3,"minecraft:torch":30,"minecraft:anvil":1,"useless_sword:molten_sword":133,"alexsmobs:cooked_kangaroo_meat":1,"wom:stone_staff":164,"wom:iron_greataxe":3,"useless_sword:witherred_sword":135,"minecraft:obsidian":7,"cataclysm:infernal_forge":27,"epicfight:iron_greatsword":10,"minecraft:iron_helmet":1,"minecraft:bow":54,"minecraft:oak_sapling":1,"minecraft:furnace":1,"minecraft:cooked_beef":2,"minecraft:enchanted_golden_apple":6,"epicfight:skillbook":16,"minecraft:baked_potato":1,"minecraft:stone_pickaxe":1926,"minecraft:ender_pearl":1,"useless_sword:coal_sword":123,"minecraft:wooden_pickaxe":59,"minecraft:crafting_table":7,"minecraft:white_bed":10,"epicfight:iron_tachi":25,"minecraft:diamond_pickaxe":23,"minecraft:apple":8,"minecraft:bread":30,"minecraft:iron_pickaxe":250,"minecraft:stone_axe":137,"minecraft:diamond_sword":2,"minecraft:wooden_sword":57,"minecraft:cobblestone":263,"minecraft:potion":1,"minecraft:cooked_porkchop":1,"minecraft:smithing_table":1,"minecraft:bucket":1,"alexsmobs:animal_dictionary":1},"minecraft:custom":{"minecraft:interact_with_smithing_table":19,"lootr:looted_stat":19,"minecraft:interact_with_anvil":1,"minecraft:mob_kills":222,"minecraft:interact_with_crafting_table":34,"minecraft:leave_game":11,"minecraft:time_since_death":2115,"minecraft:climb_one_cm":29715,"minecraft:damage_resisted":407,"minecraft:sprint_one_cm":845341,"minecraft:walk_one_cm":1857002,"minecraft:damage_blocked_by_shield":5927,"minecraft:drop":44,"minecraft:damage_dealt_absorbed":1504,"minecraft:talked_to_villager":1,"minecraft:play_time":294916,"minecraft:sneak_time":3153,"minecraft:deaths":85,"minecraft:walk_under_water_one_cm":8602,"minecraft:boat_one_cm":5655,"minecraft:jump":4815,"minecraft:interact_with_blast_furnace":4,"minecraft:walk_on_water_one_cm":22127,"minecraft:total_world_time":294916,"minecraft:interact_with_furnace":10,"minecraft:sleep_in_bed":9,"minecraft:time_since_rest":2141,"minecraft:damage_taken":14922,"minecraft:damage_absorbed":778,"minecraft:trigger_trapped_chest":1,"minecraft:damage_dealt":39742,"minecraft:swim_one_cm":36959,"minecraft:fly_one_cm":860063,"minecraft:player_kills":14,"minecraft:open_chest":1,"minecraft:crouch_one_cm":16202,"minecraft:fall_one_cm":136356},"minecraft:dropped":{"minecraft:bread":3,"minecraft:iron_sword":2,"minecraft:glass_bottle":1,"minecraft:diamond":2,"minecraft:iron_helmet":1,"minecraft:cobblestone":100,"epicfight:stone_spear":1,"minecraft:chainmail_helmet":2,"minecraft:coal":115,"minecraft:golden_apple":1,"minecraft:potion":2,"minecraft:wooden_sword":2,"minecraft:warped_nylium":1,"useless_sword:molten_sword":1,"minecraft:stone_sword":1,"minecraft:stone_slab":2,"minecraft:white_bed":1,"wom:stone_staff":1,"minecraft:chainmail_chestplate":1,"minecraft:diamond_sword":1,"minecraft:shield":2,"useless_sword:coal_sword":1,"minecraft:diamond_pickaxe":1,"minecraft:iron_chestplate":4,"apotheosis:gem":1,"minecraft:bow":1,"minecraft:stone_pickaxe":2,"minecraft:beef":17,"minecraft:netherrack":200,"epicfight:skillbook":3},"minecraft:broken":{"useless_sword:witherred_sword":1,"minecraft:iron_chestplate":1,"minecraft:iron_leggings":1,"minecraft:diamond_leggings":1,"minecraft:chainmail_helmet":2,"useless_sword:coal_sword":1,"minecraft:wooden_pickaxe":1,"minecraft:stone_pickaxe":14,"minecraft:diamond_boots":1,"minecraft:shield":1,"minecraft:chainmail_chestplate":1,"minecraft:wooden_sword":1,"minecraft:iron_pickaxe":1}},"DataVersion":2975}