{"stats":{"minecraft:killed_by":{"minecraft:player":12,"minecraft:creeper":2,"minecraft:pillager":1,"minecraft:enderman":1,"alexsmobs:elephant":1,"minecraft:drowned":5,"minecraft:magma_cube":1,"minecraft:skeleton":4,"minecraft:zombie":16,"cataclysm:netherite_monstrosity":4},"minecraft:broken":{"useless_sword:witherred_sword":1,"minecraft:iron_leggings":1,"minecraft:chainmail_helmet":1,"useless_sword:coal_sword":1,"minecraft:wooden_pickaxe":1,"minecraft:stone_pickaxe":13,"minecraft:shield":1,"minecraft:chainmail_chestplate":1},"minecraft:used":{"minecraft:trident":1,"minecraft:red_sand":2,"minecraft:stone_sword":34,"minecraft:spruce_slab":1,"minecraft:shield":105,"minecraft:iron_sword":5,"minecraft:rotten_flesh":3,"minecraft:torch":30,"useless_sword:molten_sword":133,"minecraft:obsidian":7,"useless_sword:witherred_sword":135,"minecraft:bow":54,"minecraft:oak_sapling":1,"epicfight:skillbook":5,"minecraft:stone_pickaxe":1712,"minecraft:ender_pearl":1,"useless_sword:coal_sword":123,"minecraft:wooden_pickaxe":59,"minecraft:crafting_table":4,"minecraft:white_bed":10,"minecraft:diamond_pickaxe":13,"minecraft:apple":8,"minecraft:bread":30,"minecraft:iron_pickaxe":139,"minecraft:stone_axe":137,"minecraft:diamond_sword":2,"minecraft:wooden_sword":18,"minecraft:cobblestone":124,"minecraft:potion":1,"minecraft:bucket":1,"alexsmobs:animal_dictionary":1},"minecraft:dropped":{"minecraft:bread":3,"minecraft:iron_sword":1,"minecraft:diamond":2,"epicfight:stone_spear":1,"minecraft:chainmail_helmet":2,"minecraft:potion":2,"minecraft:wooden_sword":2,"useless_sword:molten_sword":1,"minecraft:stone_sword":1,"minecraft:white_bed":1,"minecraft:chainmail_chestplate":1,"minecraft:diamond_sword":1,"minecraft:shield":2,"useless_sword:coal_sword":1,"apotheosis:gem":1,"minecraft:stone_pickaxe":2,"epicfight:skillbook":1},"minecraft:mined":{"minecraft:nether_gold_ore":2,"minecraft:oak_sapling":1,"minecraft:white_bed":7,"minecraft:dark_oak_log":100,"minecraft:obsidian":2,"minecraft:red_sand":1,"minecraft:grass_block":1,"minecraft:spawner":1,"minecraft:hay_block":19,"minecraft:black_stained_glass_pane":2,"minecraft:furnace":2,"minecraft:iron_ore":22,"minecraft:fire":3,"minecraft:vine":1,"minecraft:light_gray_concrete":74,"minecraft:stone":1219,"minecraft:acacia_leaves":5,"minecraft:melon_stem":1,"minecraft:dandelion":1,"minecraft:crafting_table":7,"minecraft:stone_slab":1,"minecraft:nether_quartz_ore":7,"minecraft:tall_grass":9,"minecraft:copper_ore":1,"minecraft:cobblestone":10,"minecraft:wall_torch":1,"minecraft:repeater":1,"minecraft:birch_log":20,"minecraft:light_gray_stained_glass":2,"minecraft:wheat":28,"minecraft:warped_fungus":1,"minecraft:grass":19,"minecraft:coal_ore":174,"minecraft:oak_log":6,"minecraft:dirt":1,"minecraft:stone_bricks":7,"minecraft:netherrack":395,"minecraft:fern":3},"minecraft:killed":{"minecraft:cave_spider":3,"alexsmobs:raccoon":1,"minecraft:spider":2,"minecraft:horse":4,"minecraft:skeleton":13,"minecraft:bee":1,"minecraft:chicken":1,"minecraft:drowned":7,"alexsmobs:kangaroo":5,"minecraft:magma_cube":2,"minecraft:husk":1,"minecraft:pig":2,"alexsmobs:grizzly_bear":2,"minecraft:zombie_villager":1,"minecraft:creeper":1,"alexsmobs:emu":1,"alexsmobs:catfish":1,"minecraft:pillager":17,"minecraft:donkey":3,"minecraft:zombie":41,"alexsmobs:elephant":2,"alexsmobs:terrapin":1,"alexsmobs:gazelle":1,"minecraft:enderman":2,"minecraft:cow":11},"minecraft:picked_up":{"minecraft:iron_chestplate":1,"minecraft:crafting_table":9,"minecraft:wheat":28,"minecraft:chainmail_boots":1,"minecraft:chicken":1,"minecraft:turtle_helmet":1,"minecraft:stone_slab":2,"minecraft:diamond_sword":1,"minecraft:enchanted_book":1,"minecraft:potion":1,"minecraft:shield":3,"alexsmobs:gazelle_horn":1,"minecraft:string":10,"minecraft:raw_copper":5,"minecraft:wooden_sword":3,"minecraft:iron_leggings":1,"minecraft:gold_nugget":12,"alexsmobs:emu_feather":1,"minecraft:red_sand":7,"useless_sword:witherred_sword":3,"minecraft:beef":21,"apotheosis:explosive_arrow":1,"minecraft:white_tulip":1,"minecraft:redstone_torch":1,"minecraft:jungle_sapling":2,"minecraft:iron_pickaxe":1,"minecraft:spruce_slab":1,"minecraft:birch_sapling":4,"minecraft:furnace":2,"apotheosis:gem":3,"minecraft:dark_oak_sapling":17,"minecraft:stick":22,"minecraft:raw_iron":27,"minecraft:copper_ingot":1,"epicfight:skillbook":9,"useless_sword:enderman_sword":1,"minecraft:pointed_dripstone":2,"minecraft:trident":1,"minecraft:redstone":1,"minecraft:stone_sword":1,"minecraft:arrow":19,"minecraft:rotten_flesh":56,"useless_sword:coal_sword":1,"minecraft:hay_block":19,"minecraft:obsidian":2,"minecraft:cobblestone":1205,"minecraft:birch_log":19,"epicfight:stone_spear":1,"minecraft:feather":4,"minecraft:leather":27,"minecraft:oak_log":6,"minecraft:chainmail_chestplate":3,"alexsmobs:cooked_kangaroo_meat":12,"minecraft:dirt":25,"minecraft:bone":11,"minecraft:apple":4,"minecraft:stone_bricks":8,"minecraft:bow":3,"minecraft:wheat_seeds":88,"minecraft:stone_pickaxe":2,"minecraft:iron_sword":3,"minecraft:warped_fungus":1,"minecraft:cooked_porkchop":4,"minecraft:quartz":5,"minecraft:dripstone_block":3,"minecraft:white_bed":10,"minecraft:grass_block":1,"minecraft:spectral_arrow":2,"minecraft:dark_oak_log":100,"minecraft:leather_helmet":1,"minecraft:light_gray_concrete":1,"alexsmobs:raw_catfish":3,"alexsmobs:kangaroo_hide":5,"minecraft:iron_helmet":2,"minecraft:bread":3,"minecraft:chainmail_helmet":5,"minecraft:baked_potato":1,"minecraft:oak_sapling":4,"minecraft:warped_nylium":1,"minecraft:netherrack":388,"minecraft:coal":178,"useless_sword:molten_sword":4,"minecraft:diamond_pickaxe":1,"minecraft:ender_pearl":2},"minecraft:crafted":{"minecraft:oak_planks":24,"minecraft:stone_pickaxe":20,"minecraft:wheat":171,"minecraft:wooden_pickaxe":1,"minecraft:birch_planks":32,"minecraft:stone_axe":2,"minecraft:bread":42,"useless_sword:coal_sword":1,"minecraft:shield":3,"minecraft:stick":44,"minecraft:torch":76},"minecraft:custom":{"minecraft:interact_with_smithing_table":16,"lootr:looted_stat":16,"minecraft:mob_kills":157,"minecraft:interact_with_crafting_table":23,"minecraft:leave_game":7,"minecraft:time_since_death":7145,"minecraft:climb_one_cm":26175,"minecraft:sprint_one_cm":609646,"minecraft:walk_one_cm":1165508,"minecraft:damage_blocked_by_shield":3889,"minecraft:drop":22,"minecraft:damage_dealt_absorbed":1362,"minecraft:play_time":189527,"minecraft:deaths":56,"minecraft:sneak_time":1753,"minecraft:walk_under_water_one_cm":5112,"minecraft:jump":3345,"minecraft:walk_on_water_one_cm":14883,"minecraft:total_world_time":189527,"minecraft:sleep_in_bed":9,"minecraft:time_since_rest":7173,"minecraft:damage_taken":9675,"minecraft:trigger_trapped_chest":1,"minecraft:damage_dealt":32203,"minecraft:swim_one_cm":18851,"minecraft:fly_one_cm":655140,"minecraft:player_kills":8,"minecraft:open_chest":1,"minecraft:crouch_one_cm":6081,"minecraft:fall_one_cm":86108}},"DataVersion":2975}