{"stats":{"minecraft:dropped":{"minecraft:stone_sword":1,"minecraft:chainmail_chestplate":1},"minecraft:mined":{"minecraft:white_bed":2,"minecraft:oak_sapling":1,"minecraft:birch_log":20,"minecraft:dark_oak_log":100,"minecraft:grass":4,"minecraft:oak_log":6,"minecraft:grass_block":1,"minecraft:coal_ore":8,"minecraft:dirt":1,"minecraft:tall_grass":4,"minecraft:stone":49},"minecraft:killed":{"minecraft:skeleton":2,"minecraft:donkey":3,"minecraft:bee":1,"alexsmobs:terrapin":1,"minecraft:chicken":1,"minecraft:spider":1,"minecraft:cow":8},"minecraft:custom":{"minecraft:time_since_rest":1053,"minecraft:sprint_one_cm":81580,"minecraft:damage_taken":231,"minecraft:walk_one_cm":189866,"minecraft:trigger_trapped_chest":1,"minecraft:mob_kills":16,"minecraft:drop":2,"minecraft:damage_dealt":2289,"minecraft:damage_dealt_absorbed":40,"minecraft:interact_with_crafting_table":3,"minecraft:fly_one_cm":79047,"minecraft:play_time":31260,"minecraft:crouch_one_cm":1275,"minecraft:sneak_time":448,"minecraft:walk_under_water_one_cm":1681,"minecraft:jump":507,"minecraft:walk_on_water_one_cm":2423,"minecraft:leave_game":3,"minecraft:time_since_death":31260,"minecraft:sleep_in_bed":2,"minecraft:total_world_time":31260,"minecraft:fall_one_cm":6853},"minecraft:broken":{"minecraft:wooden_pickaxe":1},"minecraft:crafted":{"minecraft:stick":8,"minecraft:wooden_pickaxe":1,"minecraft:stone_pickaxe":1,"minecraft:birch_planks":8,"minecraft:stone_axe":1},"minecraft:picked_up":{"minecraft:birch_log":19,"minecraft:dark_oak_sapling":17,"minecraft:crafting_table":1,"minecraft:stick":21,"minecraft:feather":2,"minecraft:chicken":1,"minecraft:leather":17,"minecraft:dripstone_block":3,"minecraft:oak_log":6,"minecraft:chainmail_chestplate":2,"minecraft:pointed_dripstone":2,"minecraft:white_bed":2,"minecraft:dark_oak_log":100,"minecraft:dirt":2,"minecraft:string":2,"minecraft:stone_sword":1,"minecraft:bone":1,"minecraft:arrow":3,"minecraft:apple":4,"minecraft:wheat_seeds":1,"minecraft:beef":17,"minecraft:jungle_sapling":2,"minecraft:oak_sapling":4,"minecraft:birch_sapling":4,"minecraft:coal":16,"minecraft:cobblestone":58},"minecraft:used":{"minecraft:stone_sword":34,"minecraft:bread":7,"minecraft:wooden_pickaxe":59,"minecraft:stone_axe":130,"minecraft:oak_sapling":1,"alexsmobs:animal_dictionary":1,"minecraft:white_bed":2}},"DataVersion":2975}