{"stats":{"minecraft:picked_up":{"minecraft:gravel":1,"minecraft:birch_log":6,"minecraft:stick":4,"minecraft:oak_log":1,"minecraft:birch_sapling":3},"minecraft:used":{"minecraft:gravel":1},"minecraft:custom":{"minecraft:crouch_one_cm":113,"minecraft:damage_taken":80,"minecraft:leave_game":4,"minecraft:play_time":7975,"minecraft:sprint_one_cm":22867,"minecraft:time_since_death":7975,"minecraft:walk_one_cm":19579,"minecraft:sneak_time":5,"minecraft:total_world_time":7975,"minecraft:fall_one_cm":2833,"minecraft:fly_one_cm":39515,"minecraft:time_since_rest":7975,"minecraft:jump":95},"minecraft:mined":{"minecraft:birch_log":6,"minecraft:grass":1,"minecraft:oak_log":1,"minecraft:gravel":1}},"DataVersion":2975}