{"stats":{"minecraft:killed":{"minecraft:skeleton":2,"minecraft:cow":6},"minecraft:dropped":{"minecraft:iron_sword":4,"minecraft:stone_sword":1,"minecraft:raw_iron":1,"minecraft:cobblestone":11,"useless_sword:enderman_sword":1,"minecraft:iron_boots":3,"minecraft:shield":1,"useless_sword:valhalla_sword":1,"useless_sword:witherred_sword":1,"epicfight:skillbook":1},"minecraft:mined":{"minecraft:smithing_table":1,"minecraft:white_bed":3,"minecraft:dark_oak_log":26,"minecraft:crafting_table":2,"minecraft:grass_block":2,"minecraft:tall_grass":2,"minecraft:furnace":1,"minecraft:birch_log":23,"minecraft:grass":11,"minecraft:oak_log":15,"minecraft:coal_ore":69,"minecraft:gravel":1,"minecraft:stone_bricks":1,"minecraft:stone":52,"minecraft:oak_leaves":6},"minecraft:custom":{"minecraft:interact_with_smithing_table":2,"minecraft:interact_with_furnace":7,"lootr:looted_stat":4,"minecraft:mob_kills":11,"minecraft:interact_with_crafting_table":6,"minecraft:leave_game":12,"minecraft:time_since_death":50309,"minecraft:sleep_in_bed":3,"minecraft:climb_one_cm":5720,"minecraft:time_since_rest":12280,"minecraft:sprint_one_cm":200511,"minecraft:damage_taken":500,"minecraft:walk_one_cm":674432,"minecraft:damage_blocked_by_shield":156,"minecraft:trigger_trapped_chest":31,"minecraft:drop":25,"minecraft:damage_dealt":1434,"minecraft:swim_one_cm":2712,"minecraft:fly_one_cm":321766,"minecraft:player_kills":2,"minecraft:crouch_one_cm":3081,"minecraft:play_time":102937,"minecraft:deaths":1,"minecraft:sneak_time":675,"minecraft:walk_under_water_one_cm":224,"minecraft:jump":888,"minecraft:walk_on_water_one_cm":2097,"minecraft:total_world_time":102937,"minecraft:fall_one_cm":8541},"minecraft:broken":{"minecraft:wooden_pickaxe":1},"minecraft:crafted":{"minecraft:cooked_beef":15,"minecraft:oak_planks":56,"minecraft:crafting_table":3,"minecraft:wooden_pickaxe":1,"minecraft:smithing_table":1,"minecraft:furnace":1,"minecraft:birch_planks":72,"minecraft:stone_axe":1,"minecraft:air":0,"minecraft:iron_boots":1,"minecraft:stick":20,"minecraft:stone_pickaxe":1,"minecraft:stone_sword":1,"minecraft:torch":48},"minecraft:killed_by":{"minecraft:skeleton":1},"minecraft:picked_up":{"minecraft:birch_log":24,"useless_sword:valhalla_sword":1,"minecraft:crafting_table":1,"minecraft:leather":4,"minecraft:smithing_table":1,"minecraft:stone_slab":1,"minecraft:oak_log":15,"minecraft:shield":1,"minecraft:dirt":2,"minecraft:apple":1,"minecraft:wheat_seeds":1,"minecraft:beef":15,"minecraft:jungle_sapling":1,"minecraft:birch_sapling":9,"minecraft:iron_sword":4,"minecraft:iron_boots":3,"minecraft:egg":1,"minecraft:furnace":1,"minecraft:dark_oak_sapling":7,"minecraft:stick":16,"minecraft:raw_iron":1,"minecraft:gravel":1,"epicfight:skillbook":1,"useless_sword:enderman_sword":1,"minecraft:white_bed":3,"minecraft:dark_oak_log":26,"minecraft:stone_sword":1,"minecraft:arrow":2,"minecraft:oak_sapling":2,"minecraft:coal":61,"minecraft:cobblestone":56},"minecraft:used":{"minecraft:leather_leggings":1,"minecraft:stone_sword":28,"minecraft:birch_planks":12,"minecraft:stone_pickaxe":67,"minecraft:oak_planks":3,"minecraft:shield":2,"minecraft:wooden_pickaxe":59,"minecraft:crafting_table":4,"minecraft:white_bed":4,"useless_sword:witherred_sword":9,"minecraft:bread":10,"minecraft:leather_helmet":1,"minecraft:iron_boots":1,"minecraft:gravel":1,"minecraft:stone_axe":57,"minecraft:cobblestone":3,"minecraft:oak_sapling":2,"minecraft:furnace":1,"minecraft:smithing_table":1,"minecraft:trapped_chest":3,"minecraft:egg":1,"minecraft:cooked_beef":2}},"DataVersion":2975}