{"stats":{"minecraft:killed_by":{"minecraft:player":6,"minecraft:creeper":2,"minecraft:magma_cube":1,"minecraft:skeleton":1,"minecraft:zombie":1,"cataclysm:netherite_monstrosity":6},"minecraft:broken":{"minecraft:leather_chestplate":2,"minecraft:wooden_pickaxe":1,"minecraft:stone_pickaxe":1,"minecraft:iron_helmet":1,"minecraft:crossbow":1},"minecraft:used":{"minecraft:stone_sword":68,"minecraft:flint_and_steel":1,"minecraft:stone_shovel":17,"minecraft:shield":2,"minecraft:iron_sword":237,"minecraft:netherrack":19,"minecraft:torch":4,"minecraft:dirt":1,"minecraft:skeleton_spawn_egg":2,"useless_sword:molten_sword":21,"minecraft:obsidian":5,"useless_sword:witherred_sword":9,"minecraft:iron_boots":1,"minecraft:slime_spawn_egg":1,"minecraft:bow":5,"minecraft:furnace":1,"minecraft:oak_sapling":2,"minecraft:trapped_chest":3,"minecraft:egg":1,"minecraft:cooked_beef":15,"minecraft:cooked_mutton":4,"epicfight:skillbook":3,"minecraft:leather_leggings":1,"minecraft:birch_planks":24,"minecraft:stone_pickaxe":257,"minecraft:oak_planks":3,"minecraft:wooden_pickaxe":59,"minecraft:crafting_table":9,"useless_sword:valhalla_sword":29,"minecraft:crossbow":8,"minecraft:cave_spider_spawn_egg":4,"minecraft:white_bed":12,"minecraft:bread":22,"minecraft:iron_pickaxe":224,"minecraft:leather_helmet":1,"minecraft:stone_slab":4,"minecraft:gravel":1,"minecraft:stone_axe":94,"minecraft:potion":1,"minecraft:cobblestone":12,"minecraft:smithing_table":2,"minecraft:air":1},"minecraft:dropped":{"minecraft:enchanted_book":1,"minecraft:iron_sword":4,"minecraft:crafting_table":1,"minecraft:cobblestone":11,"useless_sword:enderman_sword":2,"minecraft:spectral_arrow":2,"useless_sword:valhalla_sword":1,"apotheosis:explosive_arrow":2,"minecraft:potion":1,"useless_sword:witherred_sword":1,"minecraft:stone_sword":1,"minecraft:raw_iron":1,"minecraft:iron_boots":3,"minecraft:light_gray_concrete":100,"minecraft:white_bed":1,"minecraft:leather_chestplate":1,"minecraft:shield":1,"minecraft:diamond_pickaxe":1,"minecraft:chainmail_boots":2,"minecraft:arrow":2,"epicfight:skillbook":1},"minecraft:mined":{"minecraft:white_bed":13,"minecraft:dark_oak_log":26,"minecraft:grass_block":3,"minecraft:spawner":8,"minecraft:hay_block":10,"minecraft:furnace":1,"minecraft:iron_ore":59,"minecraft:fire":6,"minecraft:vine":3,"minecraft:stone":82,"minecraft:spruce_slab":1,"minecraft:smithing_table":2,"minecraft:crafting_table":8,"minecraft:warped_roots":1,"minecraft:stone_slab":4,"minecraft:cobblestone":1,"minecraft:tall_grass":3,"minecraft:iron_door":1,"minecraft:warped_nylium":1,"minecraft:birch_log":23,"minecraft:grass":20,"minecraft:coal_ore":162,"minecraft:oak_log":15,"minecraft:gravel":18,"minecraft:cobweb":1,"minecraft:stone_bricks":1,"minecraft:netherrack":212,"minecraft:oak_leaves":6},"minecraft:killed":{"minecraft:cave_spider":1,"minecraft:spider":4,"minecraft:slime":1,"minecraft:skeleton":21,"minecraft:silverfish":1,"minecraft:drowned":1,"minecraft:magma_cube":7,"alexsmobs:grizzly_bear":1,"minecraft:creeper":1,"minecraft:sheep":4,"minecraft:pillager":22,"minecraft:zombie":15,"minecraft:cow":6},"minecraft:picked_up":{"minecraft:crafting_table":7,"minecraft:coarse_dirt":3,"minecraft:allium":1,"minecraft:chainmail_boots":2,"minecraft:smithing_table":2,"minecraft:stone_slab":7,"minecraft:potion":2,"minecraft:shield":2,"minecraft:cornflower":1,"minecraft:string":5,"minecraft:red_sand":15,"minecraft:beef":15,"apotheosis:explosive_arrow":1,"minecraft:jungle_sapling":1,"minecraft:iron_pickaxe":1,"minecraft:spruce_slab":2,"minecraft:birch_sapling":9,"minecraft:egg":1,"minecraft:iron_boots":4,"minecraft:furnace":1,"minecraft:dark_oak_sapling":7,"minecraft:stick":16,"minecraft:raw_iron":55,"apotheosis:gem":3,"minecraft:torch":1,"epicfight:skillbook":2,"useless_sword:enderman_sword":1,"minecraft:trident":1,"minecraft:redstone":2,"minecraft:stone_sword":3,"minecraft:arrow":21,"minecraft:rotten_flesh":18,"minecraft:stone_shovel":1,"minecraft:hay_block":10,"minecraft:mutton":4,"minecraft:cobblestone":119,"minecraft:white_wool":6,"minecraft:birch_log":24,"epicfight:stone_spear":1,"minecraft:leather_chestplate":2,"useless_sword:valhalla_sword":1,"minecraft:iron_door":1,"minecraft:leather":4,"alexsmobs:bear_fur":2,"minecraft:flint":2,"minecraft:oak_log":15,"minecraft:gunpowder":1,"minecraft:dirt":54,"minecraft:cooked_mutton":4,"minecraft:bone":19,"minecraft:apple":1,"minecraft:wheat_seeds":19,"minecraft:stone_pickaxe":1,"minecraft:iron_sword":4,"minecraft:quartz":2,"minecraft:dandelion":1,"minecraft:gravel":18,"minecraft:white_bed":12,"minecraft:dark_oak_log":26,"minecraft:spider_eye":2,"minecraft:leather_helmet":1,"minecraft:light_gray_concrete":248,"minecraft:slime_ball":2,"minecraft:diamond":2,"minecraft:stone_axe":3,"minecraft:crossbow":1,"minecraft:gray_wool":1,"minecraft:chainmail_helmet":1,"minecraft:warped_roots":1,"minecraft:oak_sapling":2,"minecraft:netherrack":214,"minecraft:melon_seeds":1,"minecraft:coal":156},"minecraft:crafted":{"minecraft:oak_planks":56,"minecraft:furnace":1,"minecraft:flint_and_steel":1,"minecraft:bow":1,"minecraft:iron_boots":1,"minecraft:stone_pickaxe":2,"minecraft:wheat":90,"minecraft:cooked_beef":15,"minecraft:crafting_table":4,"minecraft:wooden_pickaxe":1,"minecraft:smithing_table":1,"minecraft:birch_planks":72,"minecraft:stone_axe":1,"minecraft:bread":30,"minecraft:air":0,"minecraft:diamond_pickaxe":1,"minecraft:stick":24,"minecraft:iron_pickaxe":1,"minecraft:stone_sword":1,"minecraft:torch":48},"minecraft:custom":{"minecraft:interact_with_smithing_table":3,"lootr:looted_stat":15,"minecraft:mob_kills":88,"minecraft:interact_with_crafting_table":15,"minecraft:leave_game":14,"minecraft:time_since_death":3126,"minecraft:climb_one_cm":29442,"minecraft:sprint_one_cm":624463,"minecraft:walk_one_cm":1994159,"minecraft:damage_blocked_by_shield":156,"minecraft:drop":41,"minecraft:damage_dealt_absorbed":776,"minecraft:play_time":246022,"minecraft:deaths":21,"minecraft:sneak_time":1862,"minecraft:walk_under_water_one_cm":1210,"minecraft:jump":2592,"minecraft:walk_on_water_one_cm":6415,"minecraft:total_world_time":246022,"minecraft:interact_with_furnace":9,"minecraft:tune_noteblock":4,"minecraft:sleep_in_bed":11,"minecraft:time_since_rest":3158,"minecraft:damage_taken":4907,"minecraft:trigger_trapped_chest":31,"minecraft:damage_dealt":23871,"minecraft:fly_one_cm":737992,"minecraft:swim_one_cm":11976,"minecraft:player_kills":11,"minecraft:open_chest":1,"minecraft:crouch_one_cm":8466,"minecraft:fall_one_cm":58255,"minecraft:inspect_dispenser":4}},"DataVersion":2975}