{"stats":{"minecraft:custom":{"minecraft:time_since_rest":49794,"minecraft:crouch_one_cm":121,"minecraft:sprint_one_cm":64868,"minecraft:play_time":49794,"minecraft:damage_taken":80,"minecraft:walk_one_cm":144920,"minecraft:sneak_time":55,"minecraft:trigger_trapped_chest":27,"minecraft:jump":303,"minecraft:leave_game":9,"minecraft:walk_on_water_one_cm":347,"minecraft:time_since_death":49794,"minecraft:total_world_time":49794,"minecraft:fall_one_cm":2833,"minecraft:fly_one_cm":248976},"minecraft:used":{"minecraft:trapped_chest":3,"minecraft:gravel":1},"minecraft:picked_up":{"minecraft:birch_log":6,"minecraft:stick":4,"minecraft:gravel":1,"minecraft:oak_log":1,"minecraft:birch_sapling":3},"minecraft:mined":{"minecraft:grass":1,"minecraft:oak_log":1,"minecraft:gravel":1,"minecraft:birch_log":6}},"DataVersion":2975}