{"stats":{"minecraft:dropped":{"minecraft:stone_sword":1,"minecraft:cobblestone":11},"minecraft:mined":{"minecraft:white_bed":2,"minecraft:birch_log":6,"minecraft:crafting_table":1,"minecraft:grass":3,"minecraft:coal_ore":21,"minecraft:oak_log":4,"minecraft:gravel":1,"minecraft:stone":52,"minecraft:oak_leaves":6},"minecraft:custom":{"minecraft:time_since_rest":1927,"minecraft:sprint_one_cm":106718,"minecraft:damage_taken":268,"minecraft:walk_one_cm":257687,"minecraft:trigger_trapped_chest":31,"minecraft:drop":12,"minecraft:damage_dealt":78,"minecraft:interact_with_crafting_table":2,"minecraft:fly_one_cm":277907,"minecraft:crouch_one_cm":121,"minecraft:play_time":66937,"minecraft:deaths":1,"minecraft:sneak_time":59,"minecraft:jump":458,"minecraft:walk_on_water_one_cm":835,"minecraft:leave_game":12,"minecraft:time_since_death":14309,"minecraft:sleep_in_bed":1,"minecraft:total_world_time":66937,"minecraft:fall_one_cm":4795},"minecraft:broken":{"minecraft:wooden_pickaxe":1},"minecraft:crafted":{"minecraft:oak_planks":12,"minecraft:crafting_table":2,"minecraft:stick":8,"minecraft:wooden_pickaxe":1,"minecraft:stone_pickaxe":1,"minecraft:stone_sword":1,"minecraft:birch_planks":4,"minecraft:stone_axe":1},"minecraft:killed_by":{"minecraft:skeleton":1},"minecraft:picked_up":{"minecraft:birch_log":7,"minecraft:stick":6,"minecraft:gravel":1,"minecraft:oak_log":4,"minecraft:white_bed":2,"minecraft:stone_sword":1,"minecraft:oak_sapling":1,"minecraft:birch_sapling":3,"minecraft:coal":21,"minecraft:cobblestone":55},"minecraft:used":{"minecraft:stone_sword":2,"minecraft:leather_leggings":1,"minecraft:bread":5,"minecraft:stone_pickaxe":15,"minecraft:leather_helmet":1,"minecraft:wooden_pickaxe":59,"minecraft:gravel":1,"minecraft:stone_axe":1,"minecraft:cobblestone":3,"minecraft:crafting_table":2,"minecraft:oak_sapling":1,"minecraft:white_bed":2,"minecraft:trapped_chest":3}},"DataVersion":2975}