{"stats":{"minecraft:killed_by":{"minecraft:player":3,"minecraft:skeleton":1,"minecraft:magma_cube":1},"minecraft:used":{"minecraft:cooked_mutton":1,"epicfight:skillbook":3,"minecraft:stone_sword":28,"minecraft:leather_leggings":1,"minecraft:birch_planks":24,"minecraft:stone_pickaxe":254,"minecraft:oak_planks":3,"minecraft:wooden_pickaxe":59,"minecraft:shield":2,"minecraft:iron_sword":207,"minecraft:torch":4,"minecraft:dirt":1,"minecraft:crafting_table":5,"minecraft:white_bed":9,"minecraft:crossbow":8,"useless_sword:witherred_sword":9,"minecraft:bread":10,"minecraft:leather_helmet":1,"minecraft:stone_slab":4,"minecraft:iron_boots":1,"minecraft:gravel":1,"minecraft:stone_axe":62,"minecraft:slime_spawn_egg":1,"minecraft:cobblestone":10,"minecraft:oak_sapling":2,"minecraft:smithing_table":2,"minecraft:furnace":1,"minecraft:trapped_chest":3,"minecraft:egg":1,"minecraft:cooked_beef":15,"minecraft:air":1},"minecraft:broken":{"minecraft:stone_pickaxe":1,"minecraft:crossbow":1,"minecraft:leather_chestplate":1,"minecraft:wooden_pickaxe":1},"minecraft:dropped":{"minecraft:enchanted_book":1,"minecraft:iron_sword":4,"minecraft:stone_sword":1,"minecraft:raw_iron":1,"minecraft:cobblestone":11,"useless_sword:enderman_sword":1,"minecraft:iron_boots":3,"minecraft:shield":1,"useless_sword:valhalla_sword":1,"minecraft:chainmail_boots":2,"minecraft:potion":1,"useless_sword:witherred_sword":1,"epicfight:skillbook":1},"minecraft:mined":{"minecraft:white_bed":10,"minecraft:dark_oak_log":26,"minecraft:crafting_table":4,"minecraft:grass_block":3,"minecraft:stone_slab":4,"minecraft:tall_grass":2,"minecraft:iron_door":1,"minecraft:spawner":6,"minecraft:furnace":1,"minecraft:iron_ore":57,"minecraft:birch_log":23,"minecraft:fire":6,"minecraft:grass":12,"minecraft:oak_log":15,"minecraft:coal_ore":162,"minecraft:vine":2,"minecraft:gravel":1,"minecraft:cobweb":1,"minecraft:stone_bricks":1,"minecraft:stone":75,"minecraft:spruce_slab":1,"minecraft:oak_leaves":6,"minecraft:smithing_table":2},"minecraft:killed":{"minecraft:magma_cube":7,"minecraft:spider":1,"minecraft:slime":1,"minecraft:sheep":2,"minecraft:skeleton":8,"minecraft:pillager":21,"minecraft:silverfish":1,"minecraft:cow":6},"minecraft:picked_up":{"minecraft:birch_log":24,"minecraft:crafting_table":2,"useless_sword:valhalla_sword":1,"minecraft:iron_door":1,"minecraft:chainmail_boots":2,"minecraft:leather":4,"minecraft:smithing_table":2,"minecraft:stone_slab":5,"minecraft:oak_log":15,"minecraft:shield":1,"minecraft:cornflower":1,"minecraft:dirt":3,"minecraft:string":1,"minecraft:cooked_mutton":4,"minecraft:bone":5,"minecraft:apple":1,"minecraft:wheat_seeds":2,"minecraft:beef":15,"minecraft:jungle_sapling":1,"minecraft:spruce_slab":2,"minecraft:birch_sapling":9,"minecraft:iron_sword":4,"minecraft:furnace":1,"minecraft:iron_boots":3,"minecraft:egg":1,"minecraft:stick":16,"minecraft:dark_oak_sapling":7,"minecraft:raw_iron":53,"minecraft:torch":1,"minecraft:dandelion":1,"minecraft:gravel":1,"epicfight:skillbook":2,"useless_sword:enderman_sword":1,"minecraft:white_bed":9,"minecraft:spider_eye":1,"minecraft:redstone":2,"minecraft:dark_oak_log":26,"minecraft:light_gray_concrete":148,"minecraft:stone_sword":1,"minecraft:arrow":11,"minecraft:slime_ball":2,"minecraft:crossbow":1,"minecraft:gray_wool":1,"minecraft:oak_sapling":2,"minecraft:mutton":2,"minecraft:coal":155,"minecraft:white_wool":4,"minecraft:cobblestone":110},"minecraft:custom":{"minecraft:interact_with_furnace":9,"lootr:looted_stat":12,"minecraft:mob_kills":50,"minecraft:tune_noteblock":4,"minecraft:interact_with_crafting_table":7,"minecraft:leave_game":14,"minecraft:time_since_death":3473,"minecraft:sleep_in_bed":10,"minecraft:climb_one_cm":29442,"minecraft:time_since_rest":3504,"minecraft:sprint_one_cm":368988,"minecraft:damage_taken":2117,"minecraft:walk_one_cm":1431699,"minecraft:damage_blocked_by_shield":156,"minecraft:trigger_trapped_chest":31,"minecraft:drop":29,"minecraft:damage_dealt":13448,"minecraft:damage_dealt_absorbed":364,"minecraft:swim_one_cm":8273,"minecraft:player_kills":9,"minecraft:fly_one_cm":427225,"minecraft:play_time":186022,"minecraft:crouch_one_cm":5663,"minecraft:deaths":6,"minecraft:sneak_time":970,"minecraft:walk_under_water_one_cm":364,"minecraft:jump":1660,"minecraft:walk_on_water_one_cm":3640,"minecraft:inspect_dispenser":4,"minecraft:total_world_time":186022,"minecraft:fall_one_cm":22230,"minecraft:interact_with_smithing_table":3},"minecraft:crafted":{"minecraft:cooked_beef":15,"minecraft:oak_planks":56,"minecraft:crafting_table":4,"minecraft:wooden_pickaxe":1,"minecraft:smithing_table":1,"minecraft:furnace":1,"minecraft:birch_planks":72,"minecraft:stone_axe":1,"minecraft:air":0,"minecraft:iron_boots":1,"minecraft:stick":24,"minecraft:stone_pickaxe":2,"minecraft:stone_sword":1,"minecraft:torch":48}},"DataVersion":2975}