{"stats":{"minecraft:killed_by":{"minecraft:wither_skeleton":2,"minecraft:creeper":2,"minecraft:drowned":9,"minecraft:magma_cube":1,"minecraft:blaze":1,"minecraft:zombie":23,"minecraft:player":14,"minecraft:skeleton":3,"cataclysm:netherite_monstrosity":7},"minecraft:killed":{"minecraft:cave_spider":1,"minecraft:zombified_piglin":3,"minecraft:spider":13,"cataclysm:netherite_monstrosity":1,"alexsmobs:froststalker":2,"minecraft:skeleton":29,"minecraft:silverfish":1,"minecraft:magma_cube":7,"minecraft:pig":6,"alexsmobs:grizzly_bear":1,"minecraft:zombie_villager":1,"alexsmobs:seal":1,"minecraft:creeper":2,"alexsmobs:warped_toad":3,"minecraft:sheep":9,"minecraft:pillager":22,"minecraft:zombie":84,"minecraft:stray":5,"minecraft:blaze":8,"minecraft:cow":6,"alexsmobs:bone_serpent":1,"alexsmobs:raccoon":1,"minecraft:slime":1,"minecraft:drowned":15,"alexsmobs:crow":1,"minecraft:wither_skeleton":4,"minecraft:enderman":2},"minecraft:crafted":{"minecraft:oak_planks":56,"minecraft:dark_oak_boat":2,"minecraft:dark_oak_wood":6,"minecraft:cooked_mutton":6,"minecraft:bow":1,"minecraft:iron_boots":1,"wom:iron_greataxe":1,"minecraft:crafting_table":7,"minecraft:spruce_planks":20,"minecraft:wooden_pickaxe":1,"minecraft:smithing_table":1,"minecraft:birch_planks":72,"minecraft:diamond_pickaxe":1,"minecraft:stick":36,"minecraft:iron_pickaxe":2,"minecraft:stone_sword":1,"wom:stone_staff":1,"minecraft:furnace":3,"minecraft:flint_and_steel":1,"minecraft:iron_axe":2,"minecraft:stone_pickaxe":2,"minecraft:dark_oak_planks":96,"minecraft:wheat":90,"minecraft:cooked_beef":22,"minecraft:bucket":1,"minecraft:stone_axe":1,"minecraft:bread":30,"minecraft:air":0,"minecraft:white_bed":1,"minecraft:torch":48},"minecraft:mined":{"minecraft:white_bed":16,"minecraft:grass_block":3,"minecraft:cracked_polished_blackstone_bricks":2,"minecraft:soul_soil":70,"minecraft:gilded_blackstone":3,"minecraft:spawner":8,"minecraft:polished_blackstone_bricks":5,"minecraft:glowstone":17,"minecraft:iron_ore":59,"minecraft:fire":11,"minecraft:anvil":1,"minecraft:spruce_slab":1,"minecraft:medium_amethyst_bud":1,"minecraft:soul_fire":94,"minecraft:dead_fire_coral_fan":1,"minecraft:nether_quartz_ore":52,"minecraft:cobblestone":1,"minecraft:iron_door":1,"minecraft:warped_nylium":1,"minecraft:birch_log":23,"minecraft:grass":29,"minecraft:oak_log":15,"minecraft:netherrack":379,"minecraft:ancient_debris":3,"minecraft:oak_leaves":6,"minecraft:nether_gold_ore":30,"minecraft:dark_oak_log":26,"minecraft:hay_block":10,"minecraft:furnace":2,"minecraft:gold_block":1,"minecraft:vine":3,"minecraft:stone":82,"minecraft:smithing_table":4,"minecraft:crafting_table":15,"minecraft:blackstone_slab":1,"minecraft:warped_roots":1,"minecraft:stone_slab":4,"minecraft:tall_grass":4,"minecraft:coal_ore":217,"minecraft:gravel":18,"minecraft:cobweb":17,"minecraft:stone_bricks":1,"minecraft:fern":2},"minecraft:picked_up":{"minecraft:iron_chestplate":4,"minecraft:chainmail_boots":3,"minecraft:anvil":1,"minecraft:smithing_table":4,"minecraft:stone_slab":7,"minecraft:potion":3,"minecraft:enchanted_book":2,"minecraft:gilded_blackstone":4,"minecraft:golden_sword":1,"minecraft:polished_blackstone_brick_stairs":1,"minecraft:string":27,"minecraft:soul_soil":73,"minecraft:iron_leggings":3,"minecraft:red_sand":15,"minecraft:gold_nugget":127,"minecraft:white_tulip":1,"minecraft:iron_pickaxe":1,"minecraft:iron_boots":8,"minecraft:furnace":2,"minecraft:tipped_arrow":2,"minecraft:stick":20,"apotheosis:gem":13,"minecraft:torch":2,"epicfight:skillbook":10,"minecraft:porkchop":8,"minecraft:stone_sword":6,"minecraft:rotten_flesh":148,"minecraft:blaze_rod":6,"minecraft:snowball":49,"minecraft:cobblestone":123,"minecraft:birch_log":24,"useless_sword:valhalla_sword":2,"epicfight:stone_spear":1,"minecraft:leather_chestplate":2,"minecraft:iron_door":1,"minecraft:dark_oak_boat":1,"alexsmobs:bear_fur":2,"minecraft:flint":4,"minecraft:dirt":130,"minecraft:leather_boots":3,"minecraft:bone":56,"minecraft:bow":5,"minecraft:wheat_seeds":22,"minecraft:glowstone_dust":58,"minecraft:cooked_porkchop":13,"minecraft:ink_sac":3,"minecraft:dark_oak_log":26,"minecraft:iron_hoe":1,"minecraft:light_gray_concrete":248,"minecraft:diamond":2,"minecraft:cracked_polished_blackstone_bricks":2,"minecraft:crossbow":1,"minecraft:blue_ice":2,"minecraft:golden_apple":1,"minecraft:chainmail_helmet":2,"minecraft:oak_sapling":2,"minecraft:netherrack":513,"useless_sword:molten_sword":6,"wom:satsujin":1,"minecraft:diamond_pickaxe":2,"minecraft:coarse_dirt":3,"minecraft:crafting_table":15,"minecraft:allium":1,"minecraft:leather_leggings":1,"minecraft:turtle_helmet":1,"minecraft:packed_ice":8,"minecraft:shield":3,"minecraft:cornflower":1,"minecraft:wooden_sword":1,"minecraft:iron_axe":2,"minecraft:iron_shovel":1,"minecraft:beef":15,"apotheosis:explosive_arrow":1,"minecraft:jungle_sapling":1,"minecraft:poppy":2,"minecraft:spruce_slab":2,"minecraft:birch_sapling":9,"minecraft:egg":12,"minecraft:dark_oak_sapling":7,"minecraft:raw_iron":55,"minecraft:copper_ingot":2,"minecraft:polished_blackstone_bricks":12,"useless_sword:enderman_sword":1,"minecraft:trident":1,"minecraft:carrot":1,"minecraft:redstone":5,"minecraft:stone_shovel":1,"minecraft:arrow":37,"minecraft:peony":1,"minecraft:nether_bricks":4,"minecraft:hay_block":10,"minecraft:mutton":6,"minecraft:white_wool":11,"useless_sword:wither_bone":2,"minecraft:leather":5,"minecraft:blackstone_slab":1,"minecraft:oak_log":15,"minecraft:chainmail_chestplate":2,"minecraft:ancient_debris":3,"minecraft:golden_boots":1,"minecraft:gunpowder":3,"minecraft:cooked_mutton":11,"cataclysm:infernal_forge":1,"minecraft:apple":1,"minecraft:iron_ingot":10,"minecraft:stone_pickaxe":1,"minecraft:iron_sword":16,"minecraft:acacia_sapling":1,"minecraft:quartz":54,"minecraft:dandelion":1,"minecraft:gravel":43,"minecraft:white_bed":16,"minecraft:spruce_log":5,"minecraft:spider_eye":5,"minecraft:leather_helmet":3,"minecraft:diamond_shovel":1,"minecraft:slime_ball":2,"minecraft:stone_axe":3,"minecraft:gray_wool":1,"minecraft:warped_roots":1,"minecraft:melon_seeds":1,"minecraft:warped_nylium":1,"minecraft:coal":269,"minecraft:ender_pearl":1},"minecraft:used":{"minecraft:shield":69,"minecraft:iron_sword":498,"minecraft:rotten_flesh":2,"minecraft:iron_chestplate":1,"minecraft:skeleton_spawn_egg":2,"useless_sword:molten_sword":110,"minecraft:carrot":1,"minecraft:snowball":17,"minecraft:obsidian":5,"useless_sword:witherred_sword":31,"cataclysm:infernal_forge":22,"minecraft:packed_ice":4,"minecraft:slime_spawn_egg":1,"minecraft:bow":20,"minecraft:dark_oak_boat":2,"minecraft:furnace":4,"minecraft:oak_sapling":2,"minecraft:egg":8,"epicfight:skillbook":9,"minecraft:leather_leggings":1,"minecraft:stone_pickaxe":257,"minecraft:oak_planks":3,"minecraft:ender_pearl":1,"minecraft:wooden_pickaxe":59,"minecraft:golden_apple":1,"useless_sword:valhalla_sword":98,"minecraft:crossbow":8,"minecraft:cave_spider_spawn_egg":4,"minecraft:light_gray_concrete":57,"minecraft:bread":46,"minecraft:string":1,"minecraft:gravel":1,"minecraft:smithing_table":4,"minecraft:air":1,"minecraft:stone_sword":74,"minecraft:flint_and_steel":20,"minecraft:stone_shovel":111,"minecraft:redstone":1,"minecraft:spruce_planks":2,"minecraft:netherrack":92,"minecraft:torch":4,"minecraft:dirt":5,"wom:stone_staff":30,"wom:iron_greataxe":132,"minecraft:iron_boots":1,"minecraft:trapped_chest":3,"minecraft:cooked_beef":22,"minecraft:enchanted_golden_apple":7,"minecraft:cooked_mutton":15,"minecraft:birch_planks":24,"minecraft:crafting_table":18,"minecraft:white_bed":17,"minecraft:diamond_pickaxe":3,"minecraft:iron_pickaxe":559,"minecraft:leather_helmet":1,"minecraft:stone_slab":4,"minecraft:stone_axe":105,"minecraft:cobblestone":12,"minecraft:potion":4,"minecraft:cooked_porkchop":13,"minecraft:bucket":1},"minecraft:custom":{"lootr:looted_stat":23,"minecraft:interact_with_crafting_table":25,"minecraft:leave_game":16,"minecraft:time_since_death":41286,"minecraft:damage_resisted":529,"minecraft:sprint_one_cm":1275537,"minecraft:damage_blocked_by_shield":2772,"minecraft:drop":97,"minecraft:talked_to_villager":2,"minecraft:play_time":413695,"minecraft:deaths":70,"minecraft:jump":4189,"minecraft:walk_on_water_one_cm":31554,"minecraft:interact_with_furnace":18,"minecraft:sleep_in_bed":17,"minecraft:damage_dealt":62705,"minecraft:player_kills":17,"minecraft:crouch_one_cm":12457,"minecraft:inspect_dispenser":4,"minecraft:interact_with_smithing_table":4,"minecraft:mob_kills":244,"minecraft:interact_with_anvil":1,"minecraft:climb_one_cm":30056,"minecraft:walk_one_cm":3692580,"minecraft:damage_dealt_absorbed":8227,"minecraft:sneak_time":2653,"minecraft:walk_under_water_one_cm":16078,"minecraft:boat_one_cm":2960,"minecraft:interact_with_blast_furnace":1,"minecraft:total_world_time":413695,"minecraft:tune_noteblock":4,"minecraft:time_since_rest":2101,"minecraft:damage_taken":17768,"minecraft:damage_absorbed":1018,"minecraft:trigger_trapped_chest":31,"minecraft:swim_one_cm":56711,"minecraft:fly_one_cm":1244716,"minecraft:open_chest":1,"minecraft:fall_one_cm":158567},"minecraft:dropped":{"minecraft:iron_sword":8,"minecraft:porkchop":4,"minecraft:glass_bottle":1,"minecraft:crafting_table":1,"useless_sword:enderman_sword":2,"minecraft:packed_ice":4,"apotheosis:explosive_arrow":2,"minecraft:snowball":32,"minecraft:wooden_sword":1,"minecraft:bone":6,"minecraft:glowstone_dust":2,"minecraft:white_bed":1,"minecraft:poppy":2,"minecraft:leather_chestplate":1,"minecraft:tipped_arrow":1,"minecraft:trident":1,"minecraft:leather_boots":4,"minecraft:acacia_sapling":1,"minecraft:chainmail_boots":2,"minecraft:arrow":2,"minecraft:iron_ingot":2,"minecraft:enchanted_book":1,"minecraft:wheat_seeds":2,"minecraft:diamond_leggings":1,"minecraft:cobblestone":11,"minecraft:iron_helmet":1,"minecraft:spectral_arrow":2,"minecraft:copper_ingot":1,"minecraft:chainmail_helmet":1,"useless_sword:valhalla_sword":2,"minecraft:ink_sac":3,"minecraft:potion":1,"minecraft:iron_leggings":2,"minecraft:iron_axe":2,"useless_sword:witherred_sword":1,"minecraft:iron_shovel":1,"minecraft:string":4,"minecraft:redstone":2,"minecraft:stone_sword":3,"wom:satsujin":2,"minecraft:raw_iron":1,"minecraft:iron_boots":5,"minecraft:light_gray_concrete":100,"minecraft:nether_bricks":2,"wom:stone_staff":1,"minecraft:shield":2,"minecraft:iron_chestplate":2,"minecraft:diamond_pickaxe":3,"minecraft:bow":4,"epicfight:skillbook":4},"minecraft:broken":{"minecraft:leather_leggings":2,"minecraft:iron_boots":2,"minecraft:stone_pickaxe":1,"minecraft:chainmail_chestplate":1,"minecraft:crossbow":1,"minecraft:leather_helmet":3,"minecraft:leather_chestplate":2,"minecraft:wooden_pickaxe":1,"minecraft:iron_pickaxe":2,"minecraft:iron_helmet":2}},"DataVersion":2975}