{"stats":{"minecraft:killed":{"minecraft:slime":1,"minecraft:sheep":2,"minecraft:skeleton":2,"minecraft:pillager":21,"minecraft:silverfish":1,"minecraft:cow":6},"minecraft:mined":{"minecraft:white_bed":7,"minecraft:dark_oak_log":26,"minecraft:crafting_table":4,"minecraft:grass_block":3,"minecraft:stone_slab":4,"minecraft:tall_grass":2,"minecraft:spawner":4,"minecraft:furnace":1,"minecraft:birch_log":23,"minecraft:iron_ore":57,"minecraft:grass":12,"minecraft:oak_log":15,"minecraft:coal_ore":162,"minecraft:vine":2,"minecraft:gravel":1,"minecraft:cobweb":1,"minecraft:stone":75,"minecraft:stone_bricks":1,"minecraft:oak_leaves":6,"minecraft:smithing_table":2},"minecraft:dropped":{"minecraft:iron_sword":4,"minecraft:stone_sword":1,"minecraft:raw_iron":1,"minecraft:cobblestone":11,"useless_sword:enderman_sword":1,"minecraft:iron_boots":3,"minecraft:shield":1,"useless_sword:valhalla_sword":1,"minecraft:chainmail_boots":2,"minecraft:potion":1,"useless_sword:witherred_sword":1,"epicfight:skillbook":1,"minecraft:enchanted_book":1},"minecraft:custom":{"minecraft:interact_with_smithing_table":3,"minecraft:interact_with_furnace":7,"lootr:looted_stat":8,"minecraft:mob_kills":36,"minecraft:interact_with_crafting_table":7,"minecraft:leave_game":13,"minecraft:time_since_death":18570,"minecraft:sleep_in_bed":7,"minecraft:climb_one_cm":18359,"minecraft:time_since_rest":8829,"minecraft:sprint_one_cm":332195,"minecraft:damage_taken":1414,"minecraft:walk_one_cm":1020671,"minecraft:damage_blocked_by_shield":156,"minecraft:trigger_trapped_chest":31,"minecraft:drop":29,"minecraft:damage_dealt":10524,"minecraft:damage_dealt_absorbed":58,"minecraft:swim_one_cm":2712,"minecraft:player_kills":7,"minecraft:fly_one_cm":391954,"minecraft:crouch_one_cm":4703,"minecraft:play_time":138905,"minecraft:deaths":2,"minecraft:sneak_time":871,"minecraft:walk_under_water_one_cm":224,"minecraft:jump":1550,"minecraft:walk_on_water_one_cm":2097,"minecraft:total_world_time":138905,"minecraft:fall_one_cm":20068},"minecraft:broken":{"minecraft:stone_pickaxe":1,"minecraft:crossbow":1,"minecraft:wooden_pickaxe":1},"minecraft:crafted":{"minecraft:cooked_beef":15,"minecraft:oak_planks":56,"minecraft:crafting_table":4,"minecraft:wooden_pickaxe":1,"minecraft:smithing_table":1,"minecraft:furnace":1,"minecraft:birch_planks":72,"minecraft:stone_axe":1,"minecraft:air":0,"minecraft:iron_boots":1,"minecraft:stick":24,"minecraft:stone_pickaxe":2,"minecraft:stone_sword":1,"minecraft:torch":48},"minecraft:killed_by":{"minecraft:player":1,"minecraft:skeleton":1},"minecraft:picked_up":{"minecraft:birch_log":24,"minecraft:crafting_table":2,"useless_sword:valhalla_sword":1,"minecraft:chainmail_boots":2,"minecraft:leather":4,"minecraft:smithing_table":2,"minecraft:stone_slab":5,"minecraft:oak_log":15,"minecraft:shield":1,"minecraft:cornflower":1,"minecraft:dirt":3,"minecraft:string":1,"minecraft:cooked_mutton":4,"minecraft:bone":1,"minecraft:apple":1,"minecraft:wheat_seeds":2,"minecraft:beef":15,"minecraft:jungle_sapling":1,"minecraft:birch_sapling":9,"minecraft:iron_sword":4,"minecraft:egg":1,"minecraft:iron_boots":3,"minecraft:furnace":1,"minecraft:dark_oak_sapling":7,"minecraft:stick":16,"minecraft:raw_iron":53,"minecraft:dandelion":1,"epicfight:skillbook":2,"minecraft:gravel":1,"useless_sword:enderman_sword":1,"minecraft:white_bed":7,"minecraft:dark_oak_log":26,"minecraft:stone_sword":1,"minecraft:arrow":2,"minecraft:slime_ball":2,"minecraft:crossbow":1,"minecraft:gray_wool":1,"minecraft:oak_sapling":2,"minecraft:mutton":2,"minecraft:coal":154,"minecraft:white_wool":4,"minecraft:cobblestone":110},"minecraft:used":{"epicfight:skillbook":1,"minecraft:leather_leggings":1,"minecraft:stone_sword":28,"minecraft:birch_planks":24,"minecraft:stone_pickaxe":251,"minecraft:oak_planks":3,"minecraft:wooden_pickaxe":59,"minecraft:shield":2,"minecraft:iron_sword":142,"minecraft:torch":3,"minecraft:dirt":1,"minecraft:crafting_table":5,"minecraft:crossbow":8,"minecraft:white_bed":8,"useless_sword:witherred_sword":9,"minecraft:bread":10,"minecraft:leather_helmet":1,"minecraft:stone_slab":4,"minecraft:iron_boots":1,"minecraft:gravel":1,"minecraft:slime_spawn_egg":1,"minecraft:stone_axe":61,"minecraft:cobblestone":10,"minecraft:oak_sapling":2,"minecraft:smithing_table":2,"minecraft:furnace":1,"minecraft:trapped_chest":3,"minecraft:egg":1,"minecraft:air":1,"minecraft:cooked_beef":14}},"DataVersion":2975}