{"stats":{"minecraft:picked_up":{"minecraft:birch_log":6,"minecraft:stick":4,"minecraft:gravel":1,"minecraft:oak_log":1,"minecraft:birch_sapling":3},"minecraft:custom":{"minecraft:time_since_rest":19164,"minecraft:crouch_one_cm":121,"minecraft:sprint_one_cm":44581,"minecraft:play_time":19164,"minecraft:damage_taken":80,"minecraft:walk_one_cm":43065,"minecraft:sneak_time":55,"minecraft:trigger_trapped_chest":25,"minecraft:jump":158,"minecraft:leave_game":7,"minecraft:walk_on_water_one_cm":347,"minecraft:time_since_death":19164,"minecraft:total_world_time":19164,"minecraft:fall_one_cm":2833,"minecraft:fly_one_cm":226871},"minecraft:mined":{"minecraft:grass":1,"minecraft:oak_log":1,"minecraft:gravel":1,"minecraft:birch_log":6},"minecraft:used":{"minecraft:trapped_chest":3,"minecraft:gravel":1}},"DataVersion":2975}