{"stats":{"minecraft:killed_by":{"minecraft:player":12,"minecraft:creeper":2,"minecraft:drowned":7,"minecraft:magma_cube":1,"minecraft:skeleton":3,"minecraft:zombie":16,"cataclysm:netherite_monstrosity":6},"minecraft:used":{"minecraft:stone_sword":74,"minecraft:flint_and_steel":3,"minecraft:stone_shovel":17,"minecraft:shield":59,"minecraft:iron_sword":397,"minecraft:netherrack":19,"minecraft:iron_chestplate":1,"minecraft:torch":4,"minecraft:dirt":1,"minecraft:skeleton_spawn_egg":2,"useless_sword:molten_sword":110,"wom:stone_staff":30,"minecraft:obsidian":5,"useless_sword:witherred_sword":9,"minecraft:iron_boots":1,"minecraft:slime_spawn_egg":1,"minecraft:bow":20,"minecraft:furnace":2,"minecraft:oak_sapling":2,"minecraft:trapped_chest":3,"minecraft:egg":1,"minecraft:cooked_beef":15,"minecraft:cooked_mutton":8,"epicfight:skillbook":7,"minecraft:leather_leggings":1,"minecraft:birch_planks":24,"minecraft:stone_pickaxe":257,"minecraft:oak_planks":3,"minecraft:wooden_pickaxe":59,"minecraft:crafting_table":10,"useless_sword:valhalla_sword":29,"minecraft:crossbow":8,"minecraft:cave_spider_spawn_egg":4,"minecraft:white_bed":12,"minecraft:bread":46,"minecraft:iron_pickaxe":224,"minecraft:leather_helmet":1,"minecraft:stone_slab":4,"minecraft:gravel":1,"minecraft:stone_axe":94,"minecraft:potion":1,"minecraft:cobblestone":12,"minecraft:smithing_table":2,"minecraft:air":1},"minecraft:broken":{"minecraft:leather_helmet":3,"minecraft:leather_leggings":1,"minecraft:iron_boots":2,"minecraft:leather_chestplate":2,"minecraft:wooden_pickaxe":1,"minecraft:stone_pickaxe":1,"minecraft:chainmail_chestplate":1,"minecraft:iron_helmet":1,"minecraft:crossbow":1},"minecraft:dropped":{"minecraft:enchanted_book":1,"minecraft:iron_sword":6,"minecraft:crafting_table":1,"minecraft:diamond_leggings":1,"minecraft:iron_helmet":1,"minecraft:cobblestone":11,"useless_sword:enderman_sword":2,"minecraft:spectral_arrow":2,"minecraft:chainmail_helmet":1,"useless_sword:valhalla_sword":1,"apotheosis:explosive_arrow":2,"minecraft:potion":1,"minecraft:wooden_sword":1,"useless_sword:witherred_sword":1,"minecraft:stone_sword":3,"minecraft:raw_iron":1,"minecraft:iron_boots":3,"minecraft:light_gray_concrete":100,"minecraft:white_bed":1,"wom:stone_staff":1,"minecraft:leather_chestplate":1,"minecraft:shield":2,"minecraft:trident":1,"minecraft:iron_chestplate":1,"minecraft:diamond_pickaxe":1,"minecraft:leather_boots":2,"minecraft:chainmail_boots":2,"minecraft:bow":2,"minecraft:arrow":2,"epicfight:skillbook":4},"minecraft:mined":{"minecraft:white_bed":13,"minecraft:dark_oak_log":26,"minecraft:grass_block":3,"minecraft:spawner":8,"minecraft:hay_block":10,"minecraft:furnace":1,"minecraft:iron_ore":59,"minecraft:fire":8,"minecraft:vine":3,"minecraft:stone":82,"minecraft:spruce_slab":1,"minecraft:smithing_table":2,"minecraft:crafting_table":8,"minecraft:warped_roots":1,"minecraft:stone_slab":4,"minecraft:cobblestone":1,"minecraft:tall_grass":3,"minecraft:iron_door":1,"minecraft:warped_nylium":1,"minecraft:birch_log":23,"minecraft:grass":27,"minecraft:coal_ore":162,"minecraft:oak_log":15,"minecraft:gravel":18,"minecraft:cobweb":10,"minecraft:stone_bricks":1,"minecraft:netherrack":212,"minecraft:fern":2,"minecraft:oak_leaves":6},"minecraft:killed":{"minecraft:cave_spider":1,"minecraft:zombified_piglin":2,"minecraft:spider":11,"minecraft:slime":1,"minecraft:skeleton":26,"minecraft:silverfish":1,"minecraft:drowned":6,"minecraft:magma_cube":7,"alexsmobs:grizzly_bear":1,"minecraft:creeper":1,"minecraft:sheep":4,"minecraft:pillager":22,"minecraft:zombie":57,"minecraft:stray":1,"alexsmobs:crow":1,"minecraft:cow":6},"minecraft:picked_up":{"minecraft:iron_chestplate":4,"minecraft:crafting_table":7,"minecraft:coarse_dirt":3,"minecraft:allium":1,"minecraft:chainmail_boots":2,"minecraft:turtle_helmet":1,"minecraft:leather_leggings":1,"minecraft:smithing_table":2,"minecraft:stone_slab":7,"minecraft:enchanted_book":2,"minecraft:potion":2,"minecraft:golden_sword":1,"minecraft:shield":3,"minecraft:cornflower":1,"minecraft:string":16,"minecraft:wooden_sword":1,"minecraft:iron_leggings":2,"minecraft:red_sand":15,"minecraft:gold_nugget":1,"minecraft:beef":15,"minecraft:white_tulip":1,"apotheosis:explosive_arrow":1,"minecraft:jungle_sapling":1,"minecraft:iron_pickaxe":1,"minecraft:spruce_slab":2,"minecraft:birch_sapling":9,"minecraft:egg":5,"minecraft:iron_boots":5,"minecraft:furnace":1,"minecraft:dark_oak_sapling":7,"minecraft:stick":16,"minecraft:raw_iron":55,"apotheosis:gem":9,"minecraft:copper_ingot":1,"minecraft:torch":1,"epicfight:skillbook":7,"useless_sword:enderman_sword":1,"minecraft:trident":1,"minecraft:redstone":2,"minecraft:stone_sword":6,"minecraft:arrow":30,"minecraft:rotten_flesh":100,"minecraft:stone_shovel":1,"minecraft:peony":1,"minecraft:hay_block":10,"minecraft:mutton":4,"minecraft:cobblestone":123,"minecraft:white_wool":6,"minecraft:birch_log":24,"epicfight:stone_spear":1,"minecraft:leather_chestplate":2,"useless_sword:valhalla_sword":1,"minecraft:iron_door":1,"minecraft:leather":4,"alexsmobs:bear_fur":2,"minecraft:flint":2,"minecraft:oak_log":15,"minecraft:chainmail_chestplate":1,"minecraft:gunpowder":1,"minecraft:dirt":69,"minecraft:leather_boots":1,"minecraft:cooked_mutton":4,"minecraft:bone":27,"minecraft:apple":1,"minecraft:bow":1,"minecraft:wheat_seeds":20,"minecraft:stone_pickaxe":1,"minecraft:iron_sword":13,"minecraft:quartz":2,"minecraft:dandelion":1,"minecraft:gravel":18,"minecraft:white_bed":12,"minecraft:dark_oak_log":26,"minecraft:spider_eye":5,"minecraft:leather_helmet":3,"minecraft:light_gray_concrete":248,"minecraft:slime_ball":2,"minecraft:diamond":2,"minecraft:stone_axe":3,"minecraft:crossbow":1,"minecraft:golden_apple":1,"minecraft:gray_wool":1,"minecraft:chainmail_helmet":2,"minecraft:warped_roots":1,"minecraft:oak_sapling":2,"minecraft:netherrack":214,"minecraft:melon_seeds":1,"minecraft:coal":156,"useless_sword:molten_sword":6},"minecraft:crafted":{"minecraft:oak_planks":56,"wom:stone_staff":1,"minecraft:furnace":1,"minecraft:cooked_mutton":4,"minecraft:flint_and_steel":1,"minecraft:bow":1,"minecraft:iron_boots":1,"minecraft:stone_pickaxe":2,"minecraft:wheat":90,"minecraft:cooked_beef":15,"minecraft:crafting_table":4,"minecraft:wooden_pickaxe":1,"minecraft:smithing_table":1,"minecraft:birch_planks":72,"minecraft:stone_axe":1,"minecraft:bread":30,"minecraft:air":0,"minecraft:diamond_pickaxe":1,"minecraft:stick":28,"minecraft:iron_pickaxe":1,"minecraft:stone_sword":1,"minecraft:torch":48},"minecraft:custom":{"minecraft:interact_with_smithing_table":3,"lootr:looted_stat":15,"minecraft:mob_kills":158,"minecraft:interact_with_crafting_table":16,"minecraft:leave_game":14,"minecraft:time_since_death":2806,"minecraft:climb_one_cm":29442,"minecraft:damage_resisted":61,"minecraft:sprint_one_cm":885129,"minecraft:walk_one_cm":2552582,"minecraft:damage_blocked_by_shield":2407,"minecraft:drop":60,"minecraft:damage_dealt_absorbed":1166,"minecraft:talked_to_villager":1,"minecraft:play_time":294022,"minecraft:deaths":51,"minecraft:sneak_time":2179,"minecraft:walk_under_water_one_cm":6411,"minecraft:jump":2997,"minecraft:walk_on_water_one_cm":14383,"minecraft:total_world_time":294022,"minecraft:interact_with_furnace":12,"minecraft:tune_noteblock":4,"minecraft:sleep_in_bed":11,"minecraft:time_since_rest":2840,"minecraft:damage_taken":11841,"minecraft:trigger_trapped_chest":31,"minecraft:damage_dealt":39747,"minecraft:fly_one_cm":896597,"minecraft:swim_one_cm":18086,"minecraft:player_kills":15,"minecraft:open_chest":1,"minecraft:crouch_one_cm":9919,"minecraft:fall_one_cm":76555,"minecraft:inspect_dispenser":4}},"DataVersion":2975}