{"stats":{"minecraft:killed":{"minecraft:cow":6},"minecraft:dropped":{"minecraft:stone_sword":1,"minecraft:cobblestone":11},"minecraft:mined":{"minecraft:white_bed":3,"minecraft:birch_log":23,"minecraft:dark_oak_log":26,"minecraft:crafting_table":1,"minecraft:grass":11,"minecraft:grass_block":1,"minecraft:coal_ore":50,"minecraft:oak_log":15,"minecraft:gravel":1,"minecraft:tall_grass":2,"minecraft:stone":52,"minecraft:oak_leaves":6},"minecraft:custom":{"minecraft:time_since_rest":1053,"minecraft:interact_with_furnace":6,"minecraft:sprint_one_cm":144629,"minecraft:damage_taken":336,"minecraft:walk_one_cm":417717,"minecraft:trigger_trapped_chest":31,"minecraft:mob_kills":7,"minecraft:drop":12,"minecraft:damage_dealt":878,"minecraft:swim_one_cm":2712,"minecraft:interact_with_crafting_table":3,"minecraft:fly_one_cm":306581,"minecraft:crouch_one_cm":259,"minecraft:play_time":78937,"minecraft:deaths":1,"minecraft:sneak_time":171,"minecraft:walk_under_water_one_cm":224,"minecraft:jump":695,"minecraft:walk_on_water_one_cm":2097,"minecraft:leave_game":12,"minecraft:time_since_death":26309,"minecraft:sleep_in_bed":2,"minecraft:total_world_time":78937,"minecraft:fall_one_cm":6840},"minecraft:broken":{"minecraft:wooden_pickaxe":1},"minecraft:crafted":{"minecraft:cooked_beef":12,"minecraft:oak_planks":56,"minecraft:crafting_table":3,"minecraft:stick":8,"minecraft:wooden_pickaxe":1,"minecraft:stone_pickaxe":1,"minecraft:stone_sword":1,"minecraft:furnace":1,"minecraft:birch_planks":72,"minecraft:stone_axe":1,"minecraft:air":0},"minecraft:killed_by":{"minecraft:skeleton":1},"minecraft:picked_up":{"minecraft:birch_log":24,"minecraft:dark_oak_sapling":7,"minecraft:stick":16,"minecraft:leather":4,"minecraft:gravel":1,"minecraft:oak_log":15,"minecraft:white_bed":3,"minecraft:dark_oak_log":26,"minecraft:dirt":1,"minecraft:stone_sword":1,"minecraft:apple":1,"minecraft:wheat_seeds":1,"minecraft:beef":15,"minecraft:jungle_sapling":1,"minecraft:oak_sapling":2,"minecraft:birch_sapling":9,"minecraft:coal":42,"minecraft:cobblestone":55,"minecraft:egg":1},"minecraft:used":{"minecraft:stone_sword":28,"minecraft:leather_leggings":1,"minecraft:bread":7,"minecraft:stone_pickaxe":45,"minecraft:oak_planks":3,"minecraft:leather_helmet":1,"minecraft:wooden_pickaxe":59,"minecraft:gravel":1,"minecraft:stone_axe":55,"minecraft:cobblestone":3,"minecraft:crafting_table":3,"minecraft:furnace":1,"minecraft:oak_sapling":2,"minecraft:egg":1,"minecraft:white_bed":3,"minecraft:trapped_chest":3}},"DataVersion":2975}