{"stats":{"minecraft:killed":{"minecraft:skeleton":2,"minecraft:cow":6},"minecraft:dropped":{"minecraft:stone_sword":1,"minecraft:raw_iron":1,"minecraft:cobblestone":11,"useless_sword:valhalla_sword":1},"minecraft:mined":{"minecraft:white_bed":3,"minecraft:dark_oak_log":26,"minecraft:crafting_table":2,"minecraft:grass_block":2,"minecraft:tall_grass":2,"minecraft:furnace":1,"minecraft:birch_log":23,"minecraft:grass":11,"minecraft:oak_log":15,"minecraft:coal_ore":69,"minecraft:gravel":1,"minecraft:stone":52,"minecraft:oak_leaves":6},"minecraft:custom":{"minecraft:interact_with_furnace":7,"lootr:looted_stat":2,"minecraft:mob_kills":10,"minecraft:interact_with_crafting_table":4,"minecraft:leave_game":12,"minecraft:time_since_death":38309,"minecraft:sleep_in_bed":3,"minecraft:time_since_rest":280,"minecraft:sprint_one_cm":172892,"minecraft:damage_taken":430,"minecraft:walk_one_cm":540031,"minecraft:trigger_trapped_chest":31,"minecraft:drop":14,"minecraft:damage_dealt":1292,"minecraft:swim_one_cm":2712,"minecraft:fly_one_cm":321169,"minecraft:player_kills":1,"minecraft:crouch_one_cm":2547,"minecraft:play_time":90937,"minecraft:deaths":1,"minecraft:sneak_time":580,"minecraft:walk_under_water_one_cm":224,"minecraft:jump":886,"minecraft:walk_on_water_one_cm":2097,"minecraft:total_world_time":90937,"minecraft:fall_one_cm":8541},"minecraft:broken":{"minecraft:wooden_pickaxe":1},"minecraft:crafted":{"minecraft:cooked_beef":15,"minecraft:oak_planks":56,"minecraft:crafting_table":3,"minecraft:wooden_pickaxe":1,"minecraft:furnace":1,"minecraft:birch_planks":72,"minecraft:stone_axe":1,"minecraft:air":0,"minecraft:stick":20,"minecraft:stone_pickaxe":1,"minecraft:stone_sword":1,"minecraft:torch":48},"minecraft:killed_by":{"minecraft:skeleton":1},"minecraft:picked_up":{"minecraft:birch_log":24,"useless_sword:valhalla_sword":1,"minecraft:crafting_table":1,"minecraft:leather":4,"minecraft:stone_slab":1,"minecraft:oak_log":15,"minecraft:dirt":2,"minecraft:apple":1,"minecraft:wheat_seeds":1,"minecraft:beef":15,"minecraft:jungle_sapling":1,"minecraft:birch_sapling":9,"minecraft:egg":1,"minecraft:furnace":1,"minecraft:dark_oak_sapling":7,"minecraft:stick":16,"minecraft:raw_iron":1,"minecraft:gravel":1,"minecraft:white_bed":3,"minecraft:dark_oak_log":26,"minecraft:stone_sword":1,"minecraft:arrow":2,"minecraft:oak_sapling":2,"minecraft:coal":61,"minecraft:cobblestone":56},"minecraft:used":{"minecraft:leather_leggings":1,"minecraft:stone_sword":28,"minecraft:birch_planks":12,"minecraft:stone_pickaxe":66,"minecraft:oak_planks":3,"minecraft:wooden_pickaxe":59,"minecraft:crafting_table":4,"minecraft:white_bed":4,"useless_sword:witherred_sword":7,"minecraft:bread":10,"minecraft:leather_helmet":1,"minecraft:iron_boots":1,"minecraft:gravel":1,"minecraft:stone_axe":56,"minecraft:cobblestone":3,"minecraft:oak_sapling":2,"minecraft:furnace":1,"minecraft:trapped_chest":3,"minecraft:egg":1,"minecraft:cooked_beef":1}},"DataVersion":2975}